completed_date,cycle_time,blocked_days,key,url,issue_type,summary,status,resolution,Backlog,Committed,Elaboration,Build,QA,Done
2019-12-09,3.0,0,FAB-25170,https://immediateco.atlassian.net/browse/FAB-25170,Bug (subtask),MyHub dropdown is hard to close in landscape,Closed,Done,,,2019-12-06,,,2019-12-09
2019-12-06,1.0,0,FAB-25151,https://immediateco.atlassian.net/browse/FAB-25151,Sub-Task,Tests,Complete,Done,,,,2019-12-05,,2019-12-06
2019-12-05,0.0,0,FAB-25150,https://immediateco.atlassian.net/browse/FAB-25150,Sub-Task,Build pipeline,Complete,Done,,,,2019-12-05,,2019-12-05
2019-12-04,0.0,0,FAB-25136,https://immediateco.atlassian.net/browse/FAB-25136,Sub-Task,Added as part of 24328,Complete,Done,,,2019-12-04,,,2019-12-04
2019-12-04,0.0,0,FAB-25118,https://immediateco.atlassian.net/browse/FAB-25118,Story,Service - Recipes Frontend,Complete,Done,2019-12-04,2019-12-04,2019-12-04,2019-12-04,2019-12-04,2019-12-04
2019-12-04,0.0,0,FAB-25117,https://immediateco.atlassian.net/browse/FAB-25117,Story,Service - My Hub Frontend,Complete,Done,2019-12-04,2019-12-04,2019-12-04,2019-12-04,2019-12-04,2019-12-04
2019-12-04,0.0,0,FAB-25116,https://immediateco.atlassian.net/browse/FAB-25116,Story,Service - Content API ,Complete,Done,2019-12-04,2019-12-04,2019-12-04,2019-12-04,2019-12-04,2019-12-04
2019-12-04,0.0,0,FAB-25115,https://immediateco.atlassian.net/browse/FAB-25115,Story,Service - Collections API,Complete,Done,2019-12-04,2019-12-04,2019-12-04,2019-12-04,2019-12-04,2019-12-04
2019-12-09,6.0,0,FAB-25088,https://immediateco.atlassian.net/browse/FAB-25088,Story,GF/Mig - Migration of Articles into PRODUCTION,Ready For Release,Done,2019-12-03,2019-12-03,2019-12-03,2019-12-03,2019-12-05,2019-12-09
2019-12-03,0.0,0,FAB-25051,https://immediateco.atlassian.net/browse/FAB-25051,Sub-Task,Pull Replies data from the API,Complete,Done,,,,2019-12-03,,2019-12-03
2019-12-03,0.0,0,FAB-25050,https://immediateco.atlassian.net/browse/FAB-25050,Sub-Task,Pull Reactions data from the API,Complete,Done,,,,2019-12-03,,2019-12-03
2019-12-04,1.0,0,FAB-25049,https://immediateco.atlassian.net/browse/FAB-25049,Sub-Task,Write docs for setting up Reactions with Bucketchucker,Complete,Done,,,,2019-12-03,,2019-12-04
2019-12-03,0.0,0,FAB-25048,https://immediateco.atlassian.net/browse/FAB-25048,Sub-Task,Tidy up package and simplify settings,Complete,Done,,,,2019-12-03,,2019-12-03
2019-12-03,4.0,0,FAB-25003,https://immediateco.atlassian.net/browse/FAB-25003,Bug,GF/Mig - Fix possible failures from Recipe Test run result,Ready For Release,Done,2019-11-29,2019-11-29,2019-11-29,2019-12-03,2019-12-03,2019-12-03
2019-11-29,1.0,0,FAB-24962,https://immediateco.atlassian.net/browse/FAB-24962,Technical Debt,Update Action Scheduler CRON to Only Run on Sites with AS Enabled,Ready For Release,Done,2019-11-28,2019-11-28,2019-11-28,2019-11-28,2019-11-28,2019-11-29
2019-12-06,8.0,0,FAB-24958,https://immediateco.atlassian.net/browse/FAB-24958,Story,Reactions/ReadFeed - Switch from MongoDB to MySQL,Ready For Release,Done,2019-11-28,2019-11-28,2019-11-28,2019-12-03,2019-12-06,2019-12-06
2019-12-06,3.0,0,FAB-24955,https://immediateco.atlassian.net/browse/FAB-24955,Sub-Task,Mock ratings data,Ready For Release,Done,,,,2019-12-03,2019-12-03,2019-12-06
2019-12-06,8.0,0,FAB-24954,https://immediateco.atlassian.net/browse/FAB-24954,Story,Reactions/ReadMast - Provide Number of Reactions data via API for Display,Ready For Release,Done,2019-11-28,2019-11-28,2019-11-29,2019-12-03,2019-12-06,2019-12-06
2019-12-03,0.0,0,FAB-24948,https://immediateco.atlassian.net/browse/FAB-24948,Dev Task,Action Scheduler: Limit Number of Simultaneous Cron Runs ,Ready For Release,Done,2019-12-03,2019-12-03,2019-12-03,2019-12-03,2019-12-03,2019-12-03
2019-11-27,0.0,0,FAB-24934,https://immediateco.atlassian.net/browse/FAB-24934,Dev Task,Create a Code Ownership in the UGR API,Complete,Done,2019-11-27,2019-11-27,2019-11-27,2019-11-27,2019-11-27,2019-11-27
2019-11-27,0.0,0,FAB-24933,https://immediateco.atlassian.net/browse/FAB-24933,Dev Task,Create a Code Ownership in the Settings API,Complete,Done,2019-11-27,2019-11-27,2019-11-27,2019-11-27,2019-11-27,2019-11-27
2019-11-28,1.0,0,FAB-24932,https://immediateco.atlassian.net/browse/FAB-24932,Bug (subtask),(Desktop) Search icon disappears when clicked,Ready For Release,Done,,,,,2019-11-27,2019-11-28
2019-11-28,1.0,0,FAB-24931,https://immediateco.atlassian.net/browse/FAB-24931,Bug (subtask),(Mobile) Right search button open and close icons are missing,Ready For Release,Done,,,,,2019-11-27,2019-11-28
2019-11-28,1.0,0,FAB-24930,https://immediateco.atlassian.net/browse/FAB-24930,Bug (subtask),(Mobile) Left hamburger open and close icons are missing,Ready For Release,Done,,,,,2019-11-27,2019-11-28
2019-11-28,1.0,0,FAB-24927,https://immediateco.atlassian.net/browse/FAB-24927,Story,Update header navigations,Ready For Release,Done,2019-11-27,2019-11-27,2019-11-27,2019-11-27,2019-11-27,2019-11-28
2019-12-09,10.0,0,FAB-24917,https://immediateco.atlassian.net/browse/FAB-24917,Story,Reactions/ReadFeed - Display relative time on Reactions and Replies,Ready For Release,Done,2019-11-26,2019-11-29,2019-11-29,2019-12-03,2019-12-06,2019-12-09
2019-12-06,3.0,0,FAB-24910,https://immediateco.atlassian.net/browse/FAB-24910,Sub-Task,Mock ratings data,Ready For Release,Done,,,,2019-12-03,2019-12-03,2019-12-06
2019-11-25,3.0,0,FAB-24857,https://immediateco.atlassian.net/browse/FAB-24857,Bug (subtask),"All browsers: Breadcrumb appears in page content, instead of in header",Closed,Done,,,,,2019-11-22,2019-11-25
2019-11-27,2.0,0,FAB-24856,https://immediateco.atlassian.net/browse/FAB-24856,Bug (subtask),IE: Eyebrow nav appears at the very top of the page,Ready For Release,Done,,,,2019-11-25,2019-11-25,2019-11-27
2019-11-27,2.0,0,FAB-24855,https://immediateco.atlassian.net/browse/FAB-24855,Bug (subtask),Edge + IE: Placeholder text should be light grey but appears very dark,Ready For Release,Done,,,,2019-11-25,2019-11-25,2019-11-27
2019-11-27,2.0,0,FAB-24854,https://immediateco.atlassian.net/browse/FAB-24854,Bug (subtask),IE: Megamenu has a scrollbar and doesn't expand when hovered over,Ready For Release,Done,,,,2019-11-25,2019-11-25,2019-11-27
2019-12-06,16.0,0,FAB-24824,https://immediateco.atlassian.net/browse/FAB-24824,Story,Collections API: Update to use IM Service Authorisation,Ready For Release,Done,2019-11-20,2019-11-20,2019-11-21,2019-12-02,2019-12-05,2019-12-06
2019-11-20,0.0,0,FAB-24816,https://immediateco.atlassian.net/browse/FAB-24816,Story,GFMig/UserData - Setup SFTP Server for User Image Transfer,Ready For Release,Done,2019-11-20,2019-11-20,2019-11-20,2019-11-20,2019-11-20,2019-11-20
2019-11-25,5.0,0,FAB-24805,https://immediateco.atlassian.net/browse/FAB-24805,Dev Task,GF/Mig - Update IFT to handle API-Platform,Ready For Release,Done,2019-11-20,2019-11-20,2019-11-20,2019-11-21,2019-11-21,2019-11-25
2019-11-28,9.0,0,FAB-24770,https://immediateco.atlassian.net/browse/FAB-24770,Story,Desktop-only Hub navigation,Ready For Release,Done,2019-11-19,2019-11-19,2019-11-21,2019-11-21,2019-11-27,2019-11-28
2019-12-09,21.0,0,FAB-24718,https://immediateco.atlassian.net/browse/FAB-24718,Bug,GF/Mig - Remove HTML tags from Description field - Editorial Lists,Ready For Release,Done,2019-11-18,2019-11-18,2019-11-19,2019-12-03,2019-12-05,2019-12-09
2019-11-29,11.0,0,FAB-24707,https://immediateco.atlassian.net/browse/FAB-24707,Story,Terraform scripts refactor and Production environment on Ireland,Closed,Done,2019-11-18,2019-11-18,2019-11-18,2019-11-20,2019-11-28,2019-11-29
2019-11-20,2.0,0,FAB-24693,https://immediateco.atlassian.net/browse/FAB-24693,Story,Cleanup unused GoodFood Mongo Atlas clusters,Ready For Release,Done,2019-11-18,2019-11-18,2019-11-18,2019-11-20,2019-11-20,2019-11-20
2019-12-06,18.0,0,FAB-24691,https://immediateco.atlassian.net/browse/FAB-24691,Story,Terraform Workspaces Cleanup,Ready For Release,Done,2019-11-18,2019-11-18,2019-11-18,2019-12-04,2019-12-06,2019-12-06
2019-11-27,12.0,0,FAB-24682,https://immediateco.atlassian.net/browse/FAB-24682,Story,Reactions/AdminDash - Configure API-Platform Admin Dashboard to Administer Reactions API,Ready For Release,Done,2019-11-15,2019-11-15,2019-11-18,2019-11-19,2019-11-27,2019-11-27
2019-11-28,13.0,0,FAB-24677,https://immediateco.atlassian.net/browse/FAB-24677,Story,Reactions/Prototype - Add Reply and Show/Hide Reply  ,Ready For Release,Done,2019-11-15,2019-11-15,2019-11-15,2019-11-28,2019-11-28,2019-11-28
2019-11-29,15.0,0,FAB-24635,https://immediateco.atlassian.net/browse/FAB-24635,Spike,Reactions/ReadFeed - Complete Accessibility Audit of Reactions,Complete,Done,2019-11-14,2019-11-14,2019-11-15,2019-11-27,2019-11-29,2019-11-29
2019-11-25,10.0,0,FAB-24628,https://immediateco.atlassian.net/browse/FAB-24628,Story,Ordering of Saved Recipes to Most Recently added,Ready For Release,Done,2019-11-15,2019-11-15,2019-11-21,2019-11-21,2019-11-21,2019-11-25
2019-11-28,13.0,1,FAB-24623,https://immediateco.atlassian.net/browse/FAB-24623,Story,Enable icons on static components in WP environment,Ready For Release,Done,2019-11-15,2019-11-15,2019-11-18,2019-11-18,2019-11-26,2019-11-28
2019-12-04,21.0,0,FAB-24614,https://immediateco.atlassian.net/browse/FAB-24614,Story,Users can upload an avatar in User Settings,Ready For Release,Done,2019-11-13,2019-11-13,2019-11-18,2019-11-21,2019-12-03,2019-12-04
2019-11-27,14.0,0,FAB-24613,https://immediateco.atlassian.net/browse/FAB-24613,Story,Users can see a default avatar in User Settings,Complete,Done,2019-11-13,2019-11-13,2019-11-18,2019-11-19,2019-11-27,2019-11-27
2019-12-09,26.0,0,FAB-24607,https://immediateco.atlassian.net/browse/FAB-24607,Story,Reactions/ReadRate - Provide Ratings data via API for Display,Ready For Release,Done,2019-11-13,2019-11-13,2019-11-13,2019-12-03,2019-12-06,2019-12-09
2019-11-20,6.0,3,FAB-24603,https://immediateco.atlassian.net/browse/FAB-24603,Story,Add sticky behaviour for Static header on wordpress,Ready For Release,Done,2019-11-14,2019-11-14,2019-11-18,2019-11-18,2019-11-18,2019-11-20
2019-12-03,20.0,0,FAB-24597,https://immediateco.atlassian.net/browse/FAB-24597,Story,GF/Mig/UserData - Migrate User Images to S3 bucket,Ready For Release,Done,2019-11-13,2019-11-13,2019-11-13,2019-11-19,2019-12-03,2019-12-03
2019-11-27,13.0,2,FAB-24596,https://immediateco.atlassian.net/browse/FAB-24596,Story,Prevent CSS style clashes between static components and WP environment,Ready For Release,Done,2019-11-14,2019-11-14,2019-11-18,2019-11-19,2019-11-20,2019-11-27
2019-11-13,0.0,0,FAB-24589,https://immediateco.atlassian.net/browse/FAB-24589,Bug (subtask),Icon spacing on mobile,Ready For Release,Done,,,,2019-11-13,2019-11-13,2019-11-13
2019-11-27,9.0,0,FAB-24588,https://immediateco.atlassian.net/browse/FAB-24588,Story,Icon order on List cards,Complete,Done,2019-11-18,2019-11-18,2019-11-18,2019-11-18,2019-11-25,2019-11-27
2019-11-29,2.0,0,FAB-24582,https://immediateco.atlassian.net/browse/FAB-24582,Sub-Task,Postman/Newman tests of replies,Ready For Release,Done,,,,2019-11-27,2019-11-28,2019-11-29
2019-11-29,10.0,0,FAB-24581,https://immediateco.atlassian.net/browse/FAB-24581,Sub-Task,"Mock reply data, or use CSV export data",Ready For Release,Done,,,,2019-11-19,2019-11-22,2019-11-29
2019-11-29,17.0,0,FAB-24580,https://immediateco.atlassian.net/browse/FAB-24580,Sub-Task,"Enforce/Make configurable max. reply ""nesting"" level",Ready For Release,Done,,,,,2019-11-12,2019-11-29
2019-11-29,8.0,0,FAB-24579,https://immediateco.atlassian.net/browse/FAB-24579,Sub-Task,"Define Reaction relationship - 1:n parent:replies, 1:1 replies:parent",Ready For Release,Done,,,,2019-11-21,2019-11-22,2019-11-29
2019-11-28,16.0,0,FAB-24564,https://immediateco.atlassian.net/browse/FAB-24564,Technical Debt,SXS Recipe: We should use the default content input,Ready For Release,Done,2019-11-12,2019-11-12,2019-11-12,2019-11-26,2019-11-27,2019-11-28
2019-11-13,1.0,0,FAB-24557,https://immediateco.atlassian.net/browse/FAB-24557,Spike,Investigate Failing Postman Tests on Remote Env,Complete,Done,2019-11-12,2019-11-12,2019-11-12,2019-11-12,2019-11-13,2019-11-13
2019-12-06,21.0,0,FAB-24523,https://immediateco.atlassian.net/browse/FAB-24523,Story,Reactions/ReadFeed - Run and Review CodeSniffer Inspections,Ready For Release,Done,,2019-11-15,2019-11-19,2019-12-06,,2019-12-06
2019-11-13,2.0,0,FAB-24520,https://immediateco.atlassian.net/browse/FAB-24520,Bug (subtask),Investigate and resolve why the options aren't appearing for Slate on Develop/Release,Ready For Release,Done,,,,2019-11-11,2019-11-13,2019-11-13
2019-11-22,8.0,0,FAB-24515,https://immediateco.atlassian.net/browse/FAB-24515,Story,Reusable user auth package,Ready For Release,Done,2019-11-14,2019-11-14,2019-11-14,2019-11-18,2019-11-19,2019-11-22
2019-11-11,3.0,0,FAB-24511,https://immediateco.atlassian.net/browse/FAB-24511,Sub-Task,Reapply the styles to the renamed components,Complete,Done,,,,2019-11-08,,2019-11-11
2019-11-20,6.0,0,FAB-24491,https://immediateco.atlassian.net/browse/FAB-24491,Story,Reactions/ReadFeed - Define Indexes on MongoDB Documents ,Ready For Release,Done,2019-11-14,2019-11-14,2019-11-14,2019-11-19,2019-11-19,2019-11-20
2019-11-15,7.0,0,FAB-24489,https://immediateco.atlassian.net/browse/FAB-24489,Spike,Reactions - Create App to Export Package to Bucket,Complete,Done,2019-11-08,2019-11-08,2019-11-08,2019-11-08,2019-11-15,2019-11-15
2019-11-08,0.0,0,FAB-24488,https://immediateco.atlassian.net/browse/FAB-24488,Sub-Task,Rename 'CommentsList' to 'ReactionsList',Complete,Done,,,,2019-11-08,,2019-11-08
2019-11-08,0.0,0,FAB-24486,https://immediateco.atlassian.net/browse/FAB-24486,Sub-Task,Rename 'Reactions' to 'ReactionsFeed',Complete,Done,,,,2019-11-08,,2019-11-08
2019-11-08,0.0,0,FAB-24484,https://immediateco.atlassian.net/browse/FAB-24484,Sub-Task,Rename 'Comment' to 'Reaction',Complete,Done,,,2019-11-08,2019-11-08,,2019-11-08
2019-11-29,22.0,0,FAB-24473,https://immediateco.atlassian.net/browse/FAB-24473,Design Story,Design vertical cards for Lists,Complete,Done,2019-11-07,2019-11-07,2019-11-07,2019-11-19,2019-11-29,2019-11-29
2019-11-29,22.0,0,FAB-24469,https://immediateco.atlassian.net/browse/FAB-24469,Story,Reactions/ReadFeed - Provide Replies data via API for Display,Ready For Release,Done,2019-11-07,2019-11-07,2019-11-07,2019-11-21,2019-11-25,2019-11-29
2019-11-25,18.0,0,FAB-24465,https://immediateco.atlassian.net/browse/FAB-24465,Dev Task,Extract Content API Authentication into a reusable package,Ready For Release,Done,2019-11-07,2019-11-07,2019-11-07,2019-11-18,2019-11-20,2019-11-25
2019-11-08,1.0,0,FAB-24463,https://immediateco.atlassian.net/browse/FAB-24463,Bug (subtask),iPhone- Bottom phone navigation blocks last menuitem,Ready For Release,Done,,,,2019-11-07,2019-11-07,2019-11-08
2019-11-12,5.0,0,FAB-24462,https://immediateco.atlassian.net/browse/FAB-24462,Sub-Task,Fully Map Common Reaction Properties in ReactionBase,Complete,Done,,,,2019-11-07,2019-11-12,2019-11-12
2019-11-08,1.0,0,FAB-24460,https://immediateco.atlassian.net/browse/FAB-24460,Bug (subtask),Gap appears between menuitems and quicklinks,Ready For Release,Done,,,,2019-11-07,2019-11-07,2019-11-08
2019-11-19,7.0,0,FAB-24455,https://immediateco.atlassian.net/browse/FAB-24455,Story,MyHub: Un-styled sidebar,Ready For Release,Done,2019-11-12,2019-11-12,2019-11-12,2019-11-18,2019-11-18,2019-11-19
2019-11-19,1.0,0,FAB-24454,https://immediateco.atlassian.net/browse/FAB-24454,Story,MyHub: Add blank pages for all known routes,Ready For Release,Done,2019-11-18,2019-11-18,2019-11-18,2019-11-18,2019-11-18,2019-11-19
2019-11-06,0.0,0,FAB-24449,https://immediateco.atlassian.net/browse/FAB-24449,Sub-Task,Change Author/User from EmbeddedDocument to ReferencedDocument,Complete,Done,,,,2019-11-06,,2019-11-06
2019-11-08,2.0,0,FAB-24447,https://immediateco.atlassian.net/browse/FAB-24447,Bug (subtask),Mobile menu 2nd level is distorted,Ready For Release,Done,,,,,2019-11-06,2019-11-08
2019-11-07,1.0,0,FAB-24446,https://immediateco.atlassian.net/browse/FAB-24446,Sub-Task,Create Base Reaction mapped superclass,Complete,Done,,,,2019-11-06,,2019-11-07
2019-12-05,23.0,0,FAB-24444,https://immediateco.atlassian.net/browse/FAB-24444,Story,Add Show more button information to Lists endpoint,Ready For Release,Done,2019-11-07,2019-11-12,2019-11-12,2019-12-03,2019-12-04,2019-12-05
2019-12-05,23.0,0,FAB-24443,https://immediateco.atlassian.net/browse/FAB-24443,Story,Add Schema Choice and Recipe Schema information to Lists endpoint,Ready For Release,Done,2019-11-07,2019-11-12,2019-11-12,2019-12-04,2019-12-04,2019-12-05
2019-11-06,0.0,0,FAB-24423,https://immediateco.atlassian.net/browse/FAB-24423,Sub-Task,Style the Comment organism,Complete,Done,,,,2019-11-06,,2019-11-06
2019-11-08,2.0,0,FAB-24419,https://immediateco.atlassian.net/browse/FAB-24419,Bug (subtask),Columns are vertically misaligned,Ready For Release,Done,,,,,2019-11-06,2019-11-08
2019-11-08,2.0,0,FAB-24418,https://immediateco.atlassian.net/browse/FAB-24418,Bug (subtask),Large blank space appears in dropdown menu items,Ready For Release,Done,,,,,2019-11-06,2019-11-08
2019-11-08,2.0,0,FAB-24417,https://immediateco.atlassian.net/browse/FAB-24417,Bug (subtask),Large screen causes megamenu to misalign,Ready For Release,Done,,,,,2019-11-06,2019-11-08
2019-12-06,22.0,0,FAB-24399,https://immediateco.atlassian.net/browse/FAB-24399,Bug,Reactions/ReadFeed - Remove Postgres service from docker-compose.yml breaks PHP-FPM,Ready For Release,Done,2019-11-14,2019-11-14,2019-11-19,2019-12-06,2019-12-06,2019-12-06
2019-11-11,3.0,0,FAB-24396,https://immediateco.atlassian.net/browse/FAB-24396,Sub-Task,Style the buttons,Complete,Done,,,2019-11-08,2019-11-11,,2019-11-11
2019-11-06,1.0,0,FAB-24394,https://immediateco.atlassian.net/browse/FAB-24394,Sub-Task,Style the ProfileDetails molecule,Complete,Done,,,,2019-11-05,,2019-11-06
2019-11-06,1.0,0,FAB-24388,https://immediateco.atlassian.net/browse/FAB-24388,Bug (subtask),Firefox/Safari - Pressing Tab while on page is never selecting megamenu,Closed,Done,,,,2019-11-05,2019-11-05,2019-11-06
2019-12-04,19.0,0,FAB-24383,https://immediateco.atlassian.net/browse/FAB-24383,Story,Reactions/NonHeadless - Surface on Non-headless post types,Closed,Done,2019-11-15,2019-11-15,,,,2019-12-04
2019-12-04,1.0,0,FAB-24382,https://immediateco.atlassian.net/browse/FAB-24382,Spike,Reactions/NonHeadless - Investigate Surfacing ReactJS Component on Non-headless post types,Closed,Done,2019-12-03,2019-12-03,2019-12-03,,,2019-12-04
2019-11-11,6.0,0,FAB-24377,https://immediateco.atlassian.net/browse/FAB-24377,Sub-Task,[SPIKE] Research - api-platform.com docs - advanced techniques and overriding behaviour,Complete,Done,,,,2019-11-05,,2019-11-11
2019-11-06,2.0,0,FAB-24371,https://immediateco.atlassian.net/browse/FAB-24371,Sub-Task,"[SPIKE] Research - MongoDB (relationships?), feasibility of GraphQL",Complete,Done,,,,2019-11-04,,2019-11-06
2019-11-12,8.0,0,FAB-24369,https://immediateco.atlassian.net/browse/FAB-24369,Sub-Task,Write API backend tests (PHPUnit),Complete,Done,,,2019-11-04,,,2019-11-12
2019-11-12,8.0,0,FAB-24368,https://immediateco.atlassian.net/browse/FAB-24368,Sub-Task,Source/Create test data for mocking,Complete,Done,,,,2019-11-04,,2019-11-12
2019-11-06,2.0,0,FAB-24362,https://immediateco.atlassian.net/browse/FAB-24362,Sub-Task,Get up to speed with current state of codebase,Complete,Done,,,,2019-11-04,,2019-11-06
2019-11-06,2.0,0,FAB-24361,https://immediateco.atlassian.net/browse/FAB-24361,Story,Webpack config for [im-gf-static-components] plugin,Closed,Done,2019-11-04,2019-11-04,2019-11-04,,,2019-11-06
2019-11-11,7.0,0,FAB-24358,https://immediateco.atlassian.net/browse/FAB-24358,Story,GF/Mig - Test Migration of content going into Article ,Ready For Release,Done,2019-11-04,2019-11-04,2019-11-04,2019-11-11,2019-11-11,2019-11-11
2019-12-06,32.0,0,FAB-24351,https://immediateco.atlassian.net/browse/FAB-24351,Story,Logo on header should lead to homepage,Closed,Done,2019-11-04,2019-11-04,,,,2019-12-06
2019-11-06,2.0,0,FAB-24348,https://immediateco.atlassian.net/browse/FAB-24348,Bug (subtask),Edge - Keyboard navigation can not navigate to next menu item,Closed,Done,,,,,2019-11-04,2019-11-06
2019-11-08,4.0,0,FAB-24347,https://immediateco.atlassian.net/browse/FAB-24347,Bug (subtask),Other child items are incorrectly appearing when scrolling down,Ready For Release,Done,,,,2019-11-04,2019-11-05,2019-11-08
2019-11-12,8.0,0,FAB-24346,https://immediateco.atlassian.net/browse/FAB-24346,Story,Custom source repo for CI/CD,Ready For Release,Done,2019-11-04,2019-11-04,2019-11-04,2019-11-04,2019-11-06,2019-11-12
2019-11-14,10.0,0,FAB-24329,https://immediateco.atlassian.net/browse/FAB-24329,Story,Create static markup compiler,Ready For Release,Done,2019-11-04,2019-11-04,2019-11-04,2019-11-04,2019-11-12,2019-11-14
2019-12-09,32.0,0,FAB-24328,https://immediateco.atlassian.net/browse/FAB-24328,Story,Reactions/ReadFeed - Display Reactions/Replies in Feed on Standalone,Ready For Release,Done,2019-11-07,2019-11-07,2019-11-27,2019-12-03,2019-12-06,2019-12-09
2019-11-12,8.0,0,FAB-24326,https://immediateco.atlassian.net/browse/FAB-24326,Story,Create header and footer data provider package,Ready For Release,Done,2019-11-04,2019-11-04,2019-11-04,2019-11-06,2019-11-07,2019-11-12
2019-11-14,10.0,7,FAB-24321,https://immediateco.atlassian.net/browse/FAB-24321,Story,Create php plugin to enable static components,Ready For Release,Done,2019-11-04,2019-11-04,2019-11-04,2019-11-04,2019-11-07,2019-11-14
2019-11-13,12.0,0,FAB-24320,https://immediateco.atlassian.net/browse/FAB-24320,Story,Reactions/ReadFeed - Provide Reactions data via API for Display,Ready For Release,Done,2019-11-01,2019-11-01,2019-11-01,2019-11-06,2019-11-12,2019-11-13
2019-11-26,25.0,0,FAB-24318,https://immediateco.atlassian.net/browse/FAB-24318,Story,Reactions/ReadFeed/Pag - Add and Style 'Show more' Reactions Paginator to Storybook,Ready For Release,Done,2019-11-01,2019-11-01,2019-11-05,2019-11-21,2019-11-25,2019-11-26
2019-11-04,3.0,0,FAB-24316,https://immediateco.atlassian.net/browse/FAB-24316,Bug (subtask),IE11 - Mobile menu does not close when logo is clicked,Closed,Done,,,2019-11-01,,,2019-11-04
2019-11-04,3.0,0,FAB-24313,https://immediateco.atlassian.net/browse/FAB-24313,Bug (subtask),Mobile menu incorrect tab index order,Closed,Done,,,2019-11-01,,,2019-11-04
2019-11-04,3.0,0,FAB-24312,https://immediateco.atlassian.net/browse/FAB-24312,Bug (subtask),Multiple highlighted menu items,Closed,Done,,,2019-11-01,,,2019-11-04
2019-11-06,5.0,0,FAB-24310,https://immediateco.atlassian.net/browse/FAB-24310,Bug (subtask),IE11 - Keyboard navigation can not jump to next menu item,Closed,Done,,,,,2019-11-01,2019-11-06
2019-11-15,14.0,0,FAB-24309,https://immediateco.atlassian.net/browse/FAB-24309,Story,GF/Mig - Update Taxonomy Hierarchy,Ready For Release,Done,2019-11-01,2019-11-01,2019-11-01,2019-11-12,2019-11-15,2019-11-15
2019-11-04,3.0,0,FAB-24308,https://immediateco.atlassian.net/browse/FAB-24308,Bug (subtask),"JS disabled Keyboard navigation does not work
",Closed,Done,,,2019-11-01,,,2019-11-04
2019-11-04,3.0,0,FAB-24306,https://immediateco.atlassian.net/browse/FAB-24306,Bug (subtask),Slim menu when JS is disabled on IE11,Closed,Done,,,2019-11-01,,,2019-11-04
2019-11-11,10.0,0,FAB-24305,https://immediateco.atlassian.net/browse/FAB-24305,Story,GF/Mig - Migrate List Schema Options,Ready For Release,Done,2019-11-01,2019-11-01,2019-11-01,2019-11-05,2019-11-08,2019-11-11
2019-10-31,0.0,0,FAB-24291,https://immediateco.atlassian.net/browse/FAB-24291,Bug (subtask),Firefox: Truncated text when JS is disabled,Closed,Done,,,,,2019-10-31,2019-10-31
2019-10-31,0.0,0,FAB-24290,https://immediateco.atlassian.net/browse/FAB-24290,Bug (subtask),(Storybook) Submenu items with long names are truncated without '...',Closed,Done,,,,,2019-10-31,2019-10-31
2019-11-05,5.0,0,FAB-24288,https://immediateco.atlassian.net/browse/FAB-24288,Bug (subtask),Parent menu item isn't highlighted while navigating through child submenu,Ready For Release,Done,,,,2019-10-31,2019-10-31,2019-11-05
2019-11-15,15.0,0,FAB-24284,https://immediateco.atlassian.net/browse/FAB-24284,Story,Reactions/ReadFeed - Style Reply in Storybook,Ready For Release,Done,2019-10-31,2019-10-31,2019-11-01,2019-11-13,2019-11-14,2019-11-15
2019-11-08,4.0,0,FAB-24282,https://immediateco.atlassian.net/browse/FAB-24282,Bug (subtask),Overflow when last item of the mega menu expand,Ready For Release,Done,,,,2019-11-04,2019-11-05,2019-11-08
2019-11-21,21.0,0,FAB-24281,https://immediateco.atlassian.net/browse/FAB-24281,Story,Reactions/ReadFeed - Display Reactions Standalone,Ready For Release,Done,2019-10-31,2019-10-31,2019-11-01,2019-11-18,2019-11-21,2019-11-21
2019-11-13,13.0,0,FAB-24279,https://immediateco.atlassian.net/browse/FAB-24279,Story,Reactions/ReadFeed - Style Reaction in Storybook,Ready For Release,Done,2019-10-31,2019-10-31,2019-10-31,2019-11-05,2019-11-12,2019-11-13
2019-11-20,20.0,0,FAB-24273,https://immediateco.atlassian.net/browse/FAB-24273,Story,Create 'Site Config' settings Resource,Complete,Done,2019-10-31,2019-10-31,2019-11-12,2019-11-18,2019-11-20,2019-11-20
2019-10-31,0.0,0,FAB-24262,https://immediateco.atlassian.net/browse/FAB-24262,Bug (subtask),Recipe Tips overlap content below,Ready For Release,Done,,,,2019-10-31,2019-10-31,2019-10-31
2019-11-19,7.0,0,FAB-24254,https://immediateco.atlassian.net/browse/FAB-24254,Story,MyHub: Add header and footer,Ready For Release,Done,2019-11-12,2019-11-12,2019-11-12,2019-11-18,2019-11-18,2019-11-19
2019-11-19,12.0,0,FAB-24253,https://immediateco.atlassian.net/browse/FAB-24253,Story,MyHub: Basic infrastructure,Ready For Release,Done,2019-11-07,2019-11-07,2019-11-07,2019-11-18,2019-11-18,2019-11-19
2019-11-19,12.0,0,FAB-24252,https://immediateco.atlassian.net/browse/FAB-24252,Story,MyHub: Setup initial application,Ready For Release,Done,2019-11-07,2019-11-07,2019-11-07,2019-11-18,2019-11-18,2019-11-19
2019-10-31,1.0,0,FAB-24245,https://immediateco.atlassian.net/browse/FAB-24245,Bug (subtask),mobile nav menu - last green menu items are not reachable,Ready For Release,Done,,,,2019-10-30,2019-10-30,2019-10-31
2019-10-31,0.0,0,FAB-24244,https://immediateco.atlassian.net/browse/FAB-24244,Bug (subtask),Hovering mouse over menu items causes background to flicker between grey and white,Closed,Done,,,,2019-10-31,2019-10-31,2019-10-31
2019-10-31,1.0,0,FAB-24242,https://immediateco.atlassian.net/browse/FAB-24242,Bug (subtask),Keyboard Navigation - Pressing Esc is not closing menuitem,Closed,Done,,,,2019-10-30,2019-10-30,2019-10-31
2019-10-31,1.0,0,FAB-24241,https://immediateco.atlassian.net/browse/FAB-24241,Bug (subtask),Change character limit for truncated menu items on mobile nav,Closed,Done,,,,2019-10-30,2019-10-31,2019-10-31
2019-10-31,1.0,0,FAB-24239,https://immediateco.atlassian.net/browse/FAB-24239,Bug (subtask),Non-JS keyboard navigation cannot get main nav to display on desktop,Closed,Done,,,2019-10-30,,,2019-10-31
2019-11-28,27.0,0,FAB-24232,https://immediateco.atlassian.net/browse/FAB-24232,Epic,Static Header and Footer across WP and Headless,Ready For Release,Done,2019-11-01,2019-11-01,2019-11-06,2019-11-06,,2019-11-28
2019-10-30,0.0,0,FAB-24226,https://immediateco.atlassian.net/browse/FAB-24226,Bug (subtask),Edge / IE11 - Search bar has 2 dismiss icons,Ready For Release,Done,,,,2019-10-30,2019-10-30,2019-10-30
2019-10-31,1.0,0,FAB-24224,https://immediateco.atlassian.net/browse/FAB-24224,Bug (subtask),IE11 - Search icon doesn't switch to an X when search bar opens,Closed,Done,,,,2019-10-30,2019-10-31,2019-10-31
2019-11-26,27.0,0,FAB-24220,https://immediateco.atlassian.net/browse/FAB-24220,Story,Create 'Header' settings Resource,Complete,Done,2019-10-30,2019-10-30,2019-11-12,2019-11-20,2019-11-25,2019-11-26
2019-12-06,29.0,0,FAB-24213,https://immediateco.atlassian.net/browse/FAB-24213,Story,Glossary A-Z navigation in AMP,Ready For Release,Done,2019-10-30,2019-11-07,2019-11-12,2019-12-02,2019-12-04,2019-12-06
2019-10-30,5.0,0,FAB-24177,https://immediateco.atlassian.net/browse/FAB-24177,Bug (subtask),Incorrect border radius on search box,Ready For Release,Done,,,,2019-10-25,2019-10-25,2019-10-30
2019-10-25,0.0,0,FAB-24174,https://immediateco.atlassian.net/browse/FAB-24174,Bug (subtask),Placeholder text not aligned vertically,Closed,Done,,,,2019-10-25,,2019-10-25
2019-11-21,28.0,0,FAB-24153,https://immediateco.atlassian.net/browse/FAB-24153,Sub-Task,Incentives ??,Closed,Done,,,2019-10-24,,,2019-11-21
2019-11-18,24.0,0,FAB-24133,https://immediateco.atlassian.net/browse/FAB-24133,Dev Task,Postman - Refactor all Content-API tests to be under a single collection,Ready For Release,Done,2019-10-25,2019-10-25,2019-11-07,2019-11-18,2019-11-18,2019-11-18
2019-11-20,28.0,0,FAB-24124,https://immediateco.atlassian.net/browse/FAB-24124,Story,Style Glossary navigation,Complete,Done,2019-10-23,2019-10-23,2019-11-04,2019-11-05,2019-11-06,2019-11-20
2019-11-14,22.0,0,FAB-24123,https://immediateco.atlassian.net/browse/FAB-24123,Dev Task,Swap free Ninja Tables version for Pro version,Complete,Done,2019-10-23,2019-10-23,2019-10-23,2019-10-24,2019-11-07,2019-11-14
2019-11-08,16.0,0,FAB-24103,https://immediateco.atlassian.net/browse/FAB-24103,Story,Make pronunciation a required field,Complete,Done,2019-10-23,2019-10-23,2019-11-04,2019-11-07,2019-11-07,2019-11-08
2019-11-13,21.0,0,FAB-24101,https://immediateco.atlassian.net/browse/FAB-24101,Bug,"AMP List ""See More"" CTA have the wrong CTA colour",Complete,Done,2019-10-23,2019-10-23,2019-10-23,2019-11-08,2019-11-08,2019-11-13
2019-10-25,2.0,0,FAB-24100,https://immediateco.atlassian.net/browse/FAB-24100,Bug (subtask),(iOS) Doesn't autofocus to keyboard when search icon is clicked,Closed,Done,,,,2019-10-23,2019-10-24,2019-10-25
2019-10-25,2.0,0,FAB-24099,https://immediateco.atlassian.net/browse/FAB-24099,Bug (subtask),Search icon isn't changing back to green when closed,Ready For Release,Done,,,,2019-10-23,2019-10-23,2019-10-25
2019-11-28,8.0,0,FAB-24097,https://immediateco.atlassian.net/browse/FAB-24097,Sub-Task,Consent forms,Complete,Done,,,,2019-11-20,2019-11-20,2019-11-28
2019-11-19,20.0,0,FAB-24096,https://immediateco.atlassian.net/browse/FAB-24096,Sub-Task,Feedback capturing form / mechanism,Complete,Done,,,,2019-10-30,2019-11-07,2019-11-19
2019-11-19,20.0,0,FAB-24095,https://immediateco.atlassian.net/browse/FAB-24095,Sub-Task,Script,Complete,Done,,,,2019-10-30,2019-11-06,2019-11-19
2019-11-28,28.0,0,FAB-24092,https://immediateco.atlassian.net/browse/FAB-24092,Sub-Task,Update prototype with visuals,Complete,Done,,,,2019-10-31,2019-11-20,2019-11-28
2019-11-28,36.0,0,FAB-24091,https://immediateco.atlassian.net/browse/FAB-24091,Discovery Story,BBC Good Food Show : Prototype,Complete,Done,,,2019-10-23,2019-10-23,2019-11-21,2019-11-28
2019-11-21,29.0,0,FAB-24090,https://immediateco.atlassian.net/browse/FAB-24090,Sub-Task,Branded clothing / lanyards etc,Complete,Done,,,2019-10-23,,,2019-11-21
2019-11-28,36.0,0,FAB-24088,https://immediateco.atlassian.net/browse/FAB-24088,Sub-Task,Upload prototype onto devices ,Complete,Done,,,,,2019-10-23,2019-11-28
2019-11-05,13.0,0,FAB-24084,https://immediateco.atlassian.net/browse/FAB-24084,Sub-Task,Contact event organisers (Sophie),Closed,Done,,,2019-10-23,,,2019-11-05
2019-11-20,28.0,0,FAB-24083,https://immediateco.atlassian.net/browse/FAB-24083,Sub-Task,Transport & Accommodation(?),Complete,Done,,,,,2019-10-23,2019-11-20
2019-11-14,22.0,0,FAB-24076,https://immediateco.atlassian.net/browse/FAB-24076,Spike,Establish the components of the image handler service for the UGR API,Complete,Done,2019-10-23,2019-10-23,2019-10-23,2019-10-23,2019-11-14,2019-11-14
2019-10-30,8.0,0,FAB-24071,https://immediateco.atlassian.net/browse/FAB-24071,Design Story,Review Glossary navigation design,Complete,Done,2019-10-22,2019-10-22,2019-10-22,2019-10-23,2019-10-23,2019-10-30
2019-10-28,6.0,0,FAB-24070,https://immediateco.atlassian.net/browse/FAB-24070,Spike,Investigate content API with a view to including Lists,Complete,Done,2019-10-22,2019-10-22,2019-10-22,2019-10-24,2019-10-28,2019-10-28
2019-11-12,18.0,0,FAB-24045,https://immediateco.atlassian.net/browse/FAB-24045,Sub-Task,Brightcove videos in content block for recipes frontend,Ready For Release,Done,,,,2019-10-25,2019-11-06,2019-11-12
2019-11-12,22.0,0,FAB-24044,https://immediateco.atlassian.net/browse/FAB-24044,Sub-Task,Send embed Brightcove in step-by-step recipe to the Content API,Ready For Release,Done,,,,2019-10-21,2019-10-21,2019-11-12
2019-11-12,22.0,0,FAB-24043,https://immediateco.atlassian.net/browse/FAB-24043,Sub-Task,Allow brightcove videos in content blocks for Content API,Ready For Release,Done,,,,2019-10-21,2019-10-21,2019-11-12
2019-11-20,1.0,0,FAB-23963,https://immediateco.atlassian.net/browse/FAB-23963,Sub-Task,test/confirm that the new deployment is up and working,Ready For Release,Done,,,,2019-11-19,2019-11-19,2019-11-20
2019-11-19,34.0,0,FAB-23962,https://immediateco.atlassian.net/browse/FAB-23962,Sub-Task,deploy the new image with the TD,Complete,Done,,,,,2019-10-16,2019-11-19
2019-10-22,7.0,0,FAB-23940,https://immediateco.atlassian.net/browse/FAB-23940,Discovery Story,Illustrate the user flow for users saving a recipe & creating a collection,Complete,Done,,,,2019-10-15,2019-10-15,2019-10-22
2019-11-28,45.0,0,FAB-23936,https://immediateco.atlassian.net/browse/FAB-23936,Discovery Story,BBC Good Food Show : Logistics,Closed,Done,,,2019-10-14,2019-10-21,,2019-11-28
2019-12-03,49.0,0,FAB-23929,https://immediateco.atlassian.net/browse/FAB-23929,Story,Reactions - Set-up Mongo Database for STAGING,Ready For Release,Done,2019-10-15,2019-10-15,2019-10-15,2019-10-18,2019-11-15,2019-12-03
2019-10-21,7.0,0,FAB-23894,https://immediateco.atlassian.net/browse/FAB-23894,Bug (subtask),Slower internet incorrectly causes ad to pop-down for less than a second,Closed,Done,,,,2019-10-14,2019-10-14,2019-10-21
2019-12-02,34.0,0,FAB-23891,https://immediateco.atlassian.net/browse/FAB-23891,Story,Recipe schema in Content API,Closed,Done,2019-10-11,2019-10-29,2019-10-29,,,2019-12-02
2019-11-18,20.0,0,FAB-23890,https://immediateco.atlassian.net/browse/FAB-23890,Story,Add recipe schema to step-by-step recipes,Closed,Done,2019-10-11,2019-10-29,2019-10-29,,,2019-11-18
2019-10-14,0.0,0,FAB-23888,https://immediateco.atlassian.net/browse/FAB-23888,Bug (subtask),Nothing happens when the hamburger icon is clicked,Ready For Release,Done,,,,2019-10-14,2019-10-14,2019-10-14
2019-10-17,3.0,0,FAB-23886,https://immediateco.atlassian.net/browse/FAB-23886,Bug (subtask),Hamburger menu doesn't expand fully when clicked,Ready For Release,Done,,,,2019-10-14,2019-10-14,2019-10-17
2019-10-17,6.0,0,FAB-23885,https://immediateco.atlassian.net/browse/FAB-23885,Bug (subtask),Scrolling down the page incorrectly reveals the breadcrumb,Ready For Release,Done,,,,2019-10-11,2019-10-15,2019-10-17
2019-10-11,0.0,0,FAB-23882,https://immediateco.atlassian.net/browse/FAB-23882,Bug (subtask),(Landscape mode) Hamburger and search icons have too much padding against left and right borders,Closed,Done,,,,2019-10-11,,2019-10-11
2019-10-30,2.0,0,FAB-23852,https://immediateco.atlassian.net/browse/FAB-23852,Story,Add Recipe icons to cards for Editorial List,Closed,Done,2019-10-28,2019-10-28,,,,2019-10-30
2019-10-28,18.0,0,FAB-23834,https://immediateco.atlassian.net/browse/FAB-23834,Epic,Reactions - Feed,Ready For Release,Done,,2019-10-10,2019-10-10,2019-10-10,,2019-10-28
2019-12-03,56.0,0,FAB-23827,https://immediateco.atlassian.net/browse/FAB-23827,Epic,Reactions - STAGING Infrastructure and Pipeline,Ready For Release,Done,,2019-10-08,2019-10-08,2019-10-08,,2019-12-03
2019-11-20,1.0,0,FAB-23809,https://immediateco.atlassian.net/browse/FAB-23809,Sub-Task,validate the version and and commit hash in fargate,Ready For Release,Done,,,,2019-11-19,2019-11-19,2019-11-20
2019-11-19,43.0,0,FAB-23755,https://immediateco.atlassian.net/browse/FAB-23755,Sub-Task,extract commit details and map into template,Complete,Done,,,,,2019-10-07,2019-11-19
2019-11-20,44.0,0,FAB-23752,https://immediateco.atlassian.net/browse/FAB-23752,Sub-Task,Create dynamic TD template,Ready For Release,Done,,,,,2019-10-07,2019-11-20
2019-11-14,31.0,0,FAB-23744,https://immediateco.atlassian.net/browse/FAB-23744,Story,Implement developers rules for dev & prod DB:Fixtures and Postman tests,Ready For Release,Done,2019-10-14,2019-10-14,2019-10-14,2019-11-08,2019-11-08,2019-11-14
2019-11-01,28.0,0,FAB-23716,https://immediateco.atlassian.net/browse/FAB-23716,Design Story,Reactions/ReadFeed/Pag - Styleguide and component library (Desktop/Mobile),Complete,Done,2019-10-04,2019-10-04,2019-10-04,2019-10-31,2019-10-31,2019-11-01
2019-11-01,28.0,0,FAB-23715,https://immediateco.atlassian.net/browse/FAB-23715,Design Story,Reactions/ReadFeed/Pag - Design (Desktop/Mobile),Complete,Done,2019-10-04,2019-10-04,2019-10-04,2019-10-18,2019-10-25,2019-11-01
2019-10-18,14.0,0,FAB-23714,https://immediateco.atlassian.net/browse/FAB-23714,UX Story,Reactions/ReadFeed/Pag - Wireframes + Notes (Desktop),Complete,Done,2019-10-04,2019-10-04,2019-10-04,2019-10-17,2019-10-17,2019-10-18
2019-10-18,14.0,0,FAB-23713,https://immediateco.atlassian.net/browse/FAB-23713,UX Story,Reactions/ReadFeed/Pag - Wireframes + Notes (Mobile),Complete,Done,2019-10-04,2019-10-04,2019-10-04,2019-10-15,2019-10-17,2019-10-18
2019-10-18,14.0,0,FAB-23710,https://immediateco.atlassian.net/browse/FAB-23710,Design Story,Reactions/Rating - Styleguide and component library (Desktop/Mobile),Complete,Done,2019-10-04,2019-10-04,2019-10-04,2019-10-15,2019-10-18,2019-10-18
2019-10-18,14.0,0,FAB-23709,https://immediateco.atlassian.net/browse/FAB-23709,Design Story,Reactions/Rating - Design (Desktop/Mobile),Complete,Done,2019-10-04,2019-10-04,2019-10-04,2019-10-07,2019-10-18,2019-10-18
2019-10-18,14.0,0,FAB-23708,https://immediateco.atlassian.net/browse/FAB-23708,UX Story,Reactions/Rating - Wireframes + Notes (Desktop),Complete,Done,2019-10-04,2019-10-04,2019-10-04,2019-10-09,2019-10-15,2019-10-18
2019-10-18,14.0,0,FAB-23707,https://immediateco.atlassian.net/browse/FAB-23707,UX Story,Reactions/Rating - Wireframes + Notes (Mobile),Complete,Done,2019-10-04,2019-10-04,2019-10-04,2019-10-09,2019-10-10,2019-10-18
2019-10-18,14.0,0,FAB-23706,https://immediateco.atlassian.net/browse/FAB-23706,UX Story,Reactions/Rating - User Flow for Masthead Rating and Feed Rating,Complete,Done,2019-10-04,2019-10-04,2019-10-04,2019-10-09,2019-10-09,2019-10-18
2019-11-12,7.0,0,FAB-23692,https://immediateco.atlassian.net/browse/FAB-23692,Discovery Story,Do recipes need identifying as being in an unpublished state?,Complete,Done,2019-10-22,,2019-11-05,2019-11-05,2019-11-06,2019-11-12
2019-10-14,11.0,0,FAB-23686,https://immediateco.atlassian.net/browse/FAB-23686,Discovery Story,Illustrate the user flow for users accessing account settings,Complete,Done,,,2019-10-03,2019-10-07,2019-10-14,2019-10-14
2019-10-14,11.0,0,FAB-23685,https://immediateco.atlassian.net/browse/FAB-23685,Discovery Story,Illustrate the user flow for users signing in to My Good Food / Hub,Complete,Done,,,2019-10-03,2019-10-07,2019-10-10,2019-10-14
2019-11-13,29.0,0,FAB-23649,https://immediateco.atlassian.net/browse/FAB-23649,Story,Add description and icons to List cards,Complete,Done,2019-10-15,2019-10-15,2019-10-15,2019-10-23,2019-11-08,2019-11-13
2019-10-16,14.0,0,FAB-23642,https://immediateco.atlassian.net/browse/FAB-23642,Discovery Story,"Admin : Manage the promoted collections, categories and most popular recipes in the Native app",Complete,Done,,,2019-10-02,2019-10-03,2019-10-14,2019-10-16
2019-10-14,7.0,0,FAB-23634,https://immediateco.atlassian.net/browse/FAB-23634,Spike,Install and evaluate Ninja Tables Pro,Complete,Done,2019-10-02,2019-10-07,2019-10-07,2019-10-09,2019-10-14,2019-10-14
2019-11-15,16.0,0,FAB-23627,https://immediateco.atlassian.net/browse/FAB-23627,Spike,Establish whether refactoring is needed for Collections API,Complete,Done,2019-10-30,2019-10-30,2019-11-12,2019-11-13,2019-11-15,2019-11-15
2019-10-29,28.0,0,FAB-23618,https://immediateco.atlassian.net/browse/FAB-23618,Story,Full scope handling in Content API using voters,Complete,Done,2019-10-01,2019-10-01,2019-10-01,2019-10-15,2019-10-16,2019-10-29
2019-10-31,30.0,0,FAB-23606,https://immediateco.atlassian.net/browse/FAB-23606,Bug,Recipe Tip spacing,Complete,Done,2019-10-01,2019-10-01,2019-10-01,2019-10-22,2019-10-29,2019-10-31
2019-10-31,31.0,0,FAB-23605,https://immediateco.atlassian.net/browse/FAB-23605,Bug (subtask),(Mobile) Page does not prevent scrolling past top-level nav items,Closed,Done,,,,,2019-09-30,2019-10-31
2019-12-02,48.0,0,FAB-23541,https://immediateco.atlassian.net/browse/FAB-23541,Discovery Research,List category search,Complete,Done,2019-09-27,2019-10-15,2019-11-07,2019-11-20,2019-12-02,2019-12-02
2019-11-19,20.0,0,FAB-23510,https://immediateco.atlassian.net/browse/FAB-23510,Epic,My Hub : Architecture,Ready For Release,Done,2019-10-22,2019-10-30,2019-11-12,2019-11-19,,2019-11-19
2019-10-03,7.0,0,FAB-23507,https://immediateco.atlassian.net/browse/FAB-23507,Spike,Investigate how to implement dynamic related content,Closed,Done,2019-09-26,2019-09-26,2019-09-26,2019-09-26,,2019-10-03
2019-12-03,69.0,0,FAB-23458,https://immediateco.atlassian.net/browse/FAB-23458,Story,GF/Mig - Test Migration of Editorial Recipe into RELEASE,Ready For Release,Done,2019-09-25,2019-09-25,2019-09-26,2019-11-19,2019-11-29,2019-12-03
2019-10-24,24.0,0,FAB-23415,https://immediateco.atlassian.net/browse/FAB-23415,Story,Footer widget area for Glossary post,Complete,Done,2019-09-24,2019-09-30,2019-09-30,2019-10-21,2019-10-21,2019-10-24
2019-10-24,24.0,0,FAB-23414,https://immediateco.atlassian.net/browse/FAB-23414,Story,Sidebar widget area for Glossary post,Complete,Done,2019-09-24,2019-09-30,2019-09-30,2019-10-21,2019-10-21,2019-10-24
2019-10-08,8.0,0,FAB-23408,https://immediateco.atlassian.net/browse/FAB-23408,Story,Hide sign-in/register links in eyebrow menu,Complete,Done,2019-09-30,2019-09-30,2019-10-01,2019-10-07,2019-10-07,2019-10-08
2019-10-25,25.0,0,FAB-23406,https://immediateco.atlassian.net/browse/FAB-23406,Story,Create header search field on mobile ðŸ˜ƒ,Complete,Done,2019-09-30,2019-09-30,2019-10-01,2019-10-07,2019-10-16,2019-10-25
2019-10-03,3.0,0,FAB-23405,https://immediateco.atlassian.net/browse/FAB-23405,Story,Propose non-JS version of mobile navigation,Closed,Done,2019-09-30,2019-09-30,,,,2019-10-03
2019-10-29,29.0,0,FAB-23400,https://immediateco.atlassian.net/browse/FAB-23400,Story,Glossary posts in AMP,Complete,Done,2019-09-24,2019-09-30,2019-09-30,2019-10-23,2019-10-28,2019-10-29
2019-09-27,4.0,0,FAB-23373,https://immediateco.atlassian.net/browse/FAB-23373,Design Story,Update List headers with author and date,Complete,Done,2019-09-23,2019-09-23,2019-09-23,2019-09-24,2019-09-24,2019-09-27
2019-11-07,24.0,0,FAB-23364,https://immediateco.atlassian.net/browse/FAB-23364,Story,Deploy phase (manual approval production)for CodePipeline,Ready For Release,Done,2019-10-14,2019-10-14,2019-10-14,2019-11-04,2019-11-05,2019-11-07
2019-11-14,31.0,0,FAB-23363,https://immediateco.atlassian.net/browse/FAB-23363,Story,Test phase of CodePipeline,Ready For Release,Done,2019-10-14,2019-10-14,2019-10-14,2019-11-04,2019-11-13,2019-11-14
2019-10-25,32.0,0,FAB-23360,https://immediateco.atlassian.net/browse/FAB-23360,Story,Create 'Social Network' settings Resource,Complete,Done,2019-09-23,2019-09-23,2019-09-23,2019-10-23,2019-10-23,2019-10-25
2019-09-27,4.0,0,FAB-23359,https://immediateco.atlassian.net/browse/FAB-23359,Bug,Easy difficulty for a recipe displays as 'Chicken' on production,Complete,Done,2019-09-23,2019-09-23,2019-09-23,2019-09-23,2019-09-27,2019-09-27
2019-10-03,10.0,0,FAB-23353,https://immediateco.atlassian.net/browse/FAB-23353,Discovery Story,UX : Iterate 'Add to Collection' component,Complete,Done,,,2019-09-23,2019-09-23,2019-09-30,2019-10-03
2019-11-13,19.0,0,FAB-23351,https://immediateco.atlassian.net/browse/FAB-23351,Discovery Design Story,Spec : Navigation for My Good Food - desktop,Complete,Done,2019-09-23,,2019-10-25,2019-11-11,2019-11-11,2019-11-13
2019-11-13,19.0,0,FAB-23350,https://immediateco.atlassian.net/browse/FAB-23350,Discovery Design Story,Spec : Navigation for My Hub Slate - desktop,Complete,Done,2019-09-23,,2019-10-25,2019-11-05,2019-11-11,2019-11-13
2019-10-31,38.0,0,FAB-23346,https://immediateco.atlassian.net/browse/FAB-23346,Discovery Design Story,Spec : Navigation for My Good Food - header,Closed,Done,,,2019-09-23,2019-10-24,2019-10-31,2019-10-31
2019-10-31,38.0,0,FAB-23345,https://immediateco.atlassian.net/browse/FAB-23345,Discovery Design Story,Spec : Navigation for My Hub Slate - header,Closed,Done,,,2019-09-23,2019-10-24,2019-10-31,2019-10-31
2019-10-24,15.0,0,FAB-23343,https://immediateco.atlassian.net/browse/FAB-23343,Discovery Design Story,Design : Navigation for My Hub - desktop,Complete,Done,2019-09-23,,2019-10-09,2019-10-09,2019-10-24,2019-10-24
2019-10-11,18.0,0,FAB-23338,https://immediateco.atlassian.net/browse/FAB-23338,Story,Reactions/Rating - Create 'Masthead Rating' ReactJS,Complete,Done,2019-09-23,2019-09-23,2019-09-23,2019-09-26,2019-10-11,2019-10-11
2019-10-04,11.0,0,FAB-23278,https://immediateco.atlassian.net/browse/FAB-23278,Spike,Cross account CodePipeline,Complete,Done,2019-09-23,2019-09-23,2019-09-23,2019-09-26,2019-10-03,2019-10-04
2019-11-13,55.0,0,FAB-23257,https://immediateco.atlassian.net/browse/FAB-23257,Story,Reactions/ReadFeed/Pag - Create 'Paginator' button,Closed,Done,2019-09-19,2019-09-19,2019-09-19,2019-10-28,2019-11-01,2019-11-13
2019-11-06,42.0,0,FAB-23254,https://immediateco.atlassian.net/browse/FAB-23254,Story,Turning on dynamic related content plugin should disable the current related articles meta,Closed,Done,2019-09-20,2019-09-25,,,,2019-11-06
2019-11-21,57.0,0,FAB-23253,https://immediateco.atlassian.net/browse/FAB-23253,Story,Dynamic related content widget in admin should display dynamic suggestions,Ready For Release,Done,2019-09-25,2019-09-25,2019-11-06,2019-11-21,2019-11-21,2019-11-21
2019-11-13,49.0,0,FAB-23251,https://immediateco.atlassian.net/browse/FAB-23251,Story,Editors want to overwrite dynamic related content,Ready For Release,Done,2019-09-25,2019-09-25,2019-09-25,2019-11-05,2019-11-11,2019-11-13
2019-10-30,41.0,0,FAB-23248,https://immediateco.atlassian.net/browse/FAB-23248,Story,Be able to configure a search endpoint to use for the dynamic related content widget,Closed,Done,2019-09-19,2019-09-19,2019-09-25,2019-10-08,2019-10-17,2019-10-30
2019-11-11,53.0,0,FAB-23247,https://immediateco.atlassian.net/browse/FAB-23247,Story,New Dynamic related articles widget,Ready For Release,Done,2019-09-19,2019-09-19,2019-10-03,2019-10-08,2019-10-17,2019-11-11
2019-09-18,0.0,0,FAB-23242,https://immediateco.atlassian.net/browse/FAB-23242,Technical Debt,Update SXS to 404 on WordPress,Complete,Done,2019-09-18,2019-09-18,2019-09-18,2019-09-18,2019-09-18,2019-09-18
2019-09-24,6.0,0,FAB-23238,https://immediateco.atlassian.net/browse/FAB-23238,Technical Debt,Update Step by Step Recipe to use IM Asset Registration,Complete,Done,2019-09-18,2019-09-18,2019-09-23,2019-09-23,2019-09-23,2019-09-24
2019-10-24,31.0,0,FAB-23221,https://immediateco.atlassian.net/browse/FAB-23221,Discovery Design Story,Design : Navigation for My Hub - mobile,Complete,Done,,,2019-09-23,2019-09-23,2019-10-24,2019-10-24
2019-11-06,22.0,0,FAB-23182,https://immediateco.atlassian.net/browse/FAB-23182,UX Story,"Adaptive ""See more"" button length",Complete,Done,2019-09-16,2019-10-15,2019-10-15,2019-11-05,2019-11-06,2019-11-06
2019-11-22,14.0,0,FAB-23180,https://immediateco.atlassian.net/browse/FAB-23180,Story,"Increase margin on ""See more"" button",Complete,Done,2019-09-16,2019-11-08,2019-11-12,2019-11-21,2019-11-21,2019-11-22
2019-12-04,71.0,0,FAB-23174,https://immediateco.atlassian.net/browse/FAB-23174,Epic,"Lists: ""See more"" button",Complete,Done,,,2019-09-24,2019-10-16,,2019-12-04
2019-11-14,59.0,0,FAB-23168,https://immediateco.atlassian.net/browse/FAB-23168,Story,Reactions - Coordinate set-up of build pipeline,Ready For Release,Done,2019-09-16,2019-09-16,2019-09-16,2019-11-05,2019-11-12,2019-11-14
2019-09-27,11.0,0,FAB-23157,https://immediateco.atlassian.net/browse/FAB-23157,Story,List item count styling should match design,Complete,Done,2019-09-16,2019-09-16,2019-09-16,2019-09-24,2019-09-24,2019-09-27
2019-11-04,53.0,0,FAB-23121,https://immediateco.atlassian.net/browse/FAB-23121,Dev Task,Write data-driven tests for Client & Advertisement endpoints,Complete,Done,2019-09-12,2019-09-12,2019-09-30,2019-10-21,2019-10-31,2019-11-04
2019-09-16,4.0,0,FAB-23107,https://immediateco.atlassian.net/browse/FAB-23107,Bug,List cards are duplicated and a list item is missing,Complete,Done,2019-09-12,2019-09-12,2019-09-12,2019-09-12,2019-09-12,2019-09-16
2019-10-17,35.0,0,FAB-23103,https://immediateco.atlassian.net/browse/FAB-23103,Story,Header (tablet up) - Add sticky behaviour & change content when scrolling down page.,Complete,Done,2019-09-12,2019-09-12,2019-09-24,2019-10-15,2019-10-16,2019-10-17
2019-12-03,83.0,0,FAB-23085,https://immediateco.atlassian.net/browse/FAB-23085,Story,Reactions - Set-up build pipeline for STAGING,Ready For Release,Done,2019-09-11,2019-09-11,2019-09-16,2019-09-25,2019-11-15,2019-12-03
2019-10-15,35.0,0,FAB-23065,https://immediateco.atlassian.net/browse/FAB-23065,Spike,Document approach for widget areas,Complete,Done,2019-09-10,2019-09-10,2019-09-10,2019-10-01,2019-10-10,2019-10-15
2019-10-04,25.0,0,FAB-23061,https://immediateco.atlassian.net/browse/FAB-23061,Design Story,Reactions - Deliver Style Guide/Component Library (Read Only),Complete,Done,2019-09-09,2019-09-09,2019-09-09,2019-10-03,2019-10-04,2019-10-04
2019-09-20,11.0,0,FAB-23053,https://immediateco.atlassian.net/browse/FAB-23053,Design Story,Reactions/Rating - Deliver Feed and Masthead Rating UI (Read Only),Closed,Done,2019-09-09,2019-09-09,2019-09-09,2019-09-12,2019-09-20,2019-09-20
2019-09-23,14.0,0,FAB-23032,https://immediateco.atlassian.net/browse/FAB-23032,Discovery Design Story,SPEC: Slate Mega Menu,Closed,Done,,,2019-09-09,2019-09-10,,2019-09-23
2019-10-09,34.0,0,FAB-23001,https://immediateco.atlassian.net/browse/FAB-23001,Story,Implement client-side hydration in recipes frontend,Complete,Done,2019-09-05,2019-09-05,2019-09-05,2019-09-23,2019-09-23,2019-10-09
2019-09-16,11.0,0,FAB-23000,https://immediateco.atlassian.net/browse/FAB-23000,Spike,Determine approach for running React applications on the client,Complete,Done,2019-09-05,2019-09-05,2019-09-05,2019-09-09,2019-09-10,2019-09-16
2019-12-04,90.0,0,FAB-22998,https://immediateco.atlassian.net/browse/FAB-22998,Dev Task,Fix UGR schema tests,Ready For Release,Done,2019-09-05,2019-09-05,2019-09-30,2019-12-03,2019-12-03,2019-12-04
2019-10-08,33.0,0,FAB-22997,https://immediateco.atlassian.net/browse/FAB-22997,Dev Task,Refactor Settings schema tests,Complete,Done,2019-09-05,2019-09-05,2019-09-30,2019-10-07,2019-10-07,2019-10-08
2019-09-19,14.0,0,FAB-22982,https://immediateco.atlassian.net/browse/FAB-22982,Story,Basic analytics support,Complete,Done,2019-09-05,2019-09-05,2019-09-05,2019-09-13,2019-09-13,2019-09-19
2019-09-19,15.0,0,FAB-22978,https://immediateco.atlassian.net/browse/FAB-22978,Story,build and deploy the api using codebuild,Complete,Done,2019-09-04,2019-09-04,2019-09-06,2019-09-10,2019-09-18,2019-09-19
2019-09-19,15.0,0,FAB-22977,https://immediateco.atlassian.net/browse/FAB-22977,Story,create github branch from previous tag for production,Complete,Done,2019-09-04,2019-09-04,2019-09-06,2019-09-10,2019-09-18,2019-09-19
2019-09-19,14.0,0,FAB-22976,https://immediateco.atlassian.net/browse/FAB-22976,Story,Protect SEO performance,Complete,Done,2019-09-05,2019-09-05,2019-09-05,2019-09-18,2019-09-19,2019-09-19
2019-09-10,6.0,0,FAB-22965,https://immediateco.atlassian.net/browse/FAB-22965,Dev Task,Whitelist new IPs,Complete,Done,2019-09-04,2019-09-04,2019-09-06,2019-09-10,2019-09-10,2019-09-10
2019-10-02,15.0,0,FAB-22962,https://immediateco.atlassian.net/browse/FAB-22962,Story,Push page data into GTM,Complete,Done,2019-09-17,2019-09-17,2019-09-17,2019-09-24,2019-09-30,2019-10-02
2019-09-10,6.0,0,FAB-22957,https://immediateco.atlassian.net/browse/FAB-22957,Story,allocate eips per environment,Complete,Done,2019-09-04,2019-09-04,2019-09-06,2019-09-10,2019-09-10,2019-09-10
2019-09-19,15.0,0,FAB-22956,https://immediateco.atlassian.net/browse/FAB-22956,Story,adjust security groups,Complete,Done,2019-09-04,2019-09-04,2019-09-06,2019-09-18,2019-09-18,2019-09-19
2019-09-12,8.0,0,FAB-22955,https://immediateco.atlassian.net/browse/FAB-22955,Story,run script for creating the production environment,Complete,Done,2019-09-04,2019-09-04,2019-09-06,2019-09-12,2019-09-12,2019-09-12
2019-09-19,15.0,0,FAB-22953,https://immediateco.atlassian.net/browse/FAB-22953,Story,update variables for production,Complete,Done,2019-09-04,2019-09-04,2019-09-06,2019-09-17,2019-09-18,2019-09-19
2019-09-19,15.0,0,FAB-22952,https://immediateco.atlassian.net/browse/FAB-22952,Story,mongo db peering for Production environment,Complete,Done,2019-09-04,2019-09-04,2019-09-06,2019-09-12,2019-09-17,2019-09-19
2019-09-12,8.0,0,FAB-22951,https://immediateco.atlassian.net/browse/FAB-22951,Story,mongo (ATLAS) db  cluster creation for production environment,Complete,Done,2019-09-04,2019-09-04,2019-09-06,2019-09-10,2019-09-12,2019-09-12
2019-09-19,15.0,0,FAB-22950,https://immediateco.atlassian.net/browse/FAB-22950,Story,Create and install a self signed certificates for Production environment,Complete,Done,2019-09-04,2019-09-04,2019-09-06,2019-09-18,2019-09-18,2019-09-19
2019-09-19,14.0,0,FAB-22948,https://immediateco.atlassian.net/browse/FAB-22948,Epic,Create & deploy Production environment,Complete,Done,,2019-09-05,2019-09-09,2019-09-12,,2019-09-19
2019-09-18,15.0,0,FAB-22939,https://immediateco.atlassian.net/browse/FAB-22939,Spike,Investigate Technical Options for the Layout of the Mega Menu,Complete,Done,2019-09-03,2019-09-03,2019-09-03,2019-09-13,2019-09-18,2019-09-18
2019-09-19,14.0,0,FAB-22903,https://immediateco.atlassian.net/browse/FAB-22903,Epic,Headless SEO for Alpha,Complete,Done,,,2019-09-05,2019-09-16,,2019-09-19
2019-09-16,13.0,0,FAB-22898,https://immediateco.atlassian.net/browse/FAB-22898,Story,Validation on client slug should not be case-sensitive,Complete,Done,2019-08-30,2019-09-03,2019-09-03,2019-09-10,2019-09-11,2019-09-16
2019-11-07,69.0,0,FAB-22895,https://immediateco.atlassian.net/browse/FAB-22895,Dev Task,Identify regression scenarios for Glossary (Gherkin),Complete,Done,2019-08-30,2019-08-30,2019-08-30,2019-11-05,2019-11-07,2019-11-07
2019-09-23,24.0,0,FAB-22893,https://immediateco.atlassian.net/browse/FAB-22893,Discovery Design Story,Slate Mega Menu,Closed,Done,,,2019-08-30,2019-09-02,,2019-09-23
2019-11-20,83.0,0,FAB-22883,https://immediateco.atlassian.net/browse/FAB-22883,Epic,Deploy a verified container to remote environment (Codepipeline),Ready For Release,Done,,2019-08-29,2019-08-29,2019-09-24,,2019-11-20
2019-09-05,9.0,0,FAB-22838,https://immediateco.atlassian.net/browse/FAB-22838,Sub-Task,Update Recipes Frontend to use new endpoint for Related Content requests,Ready For Release,Done,,,2019-08-27,2019-08-27,2019-09-03,2019-09-05
2019-09-05,6.0,0,FAB-22837,https://immediateco.atlassian.net/browse/FAB-22837,Sub-Task,Update Content Api to add list endpoint for multiple resource ids,Ready For Release,Done,,,,2019-08-30,2019-08-30,2019-09-05
2019-09-05,9.0,0,FAB-22835,https://immediateco.atlassian.net/browse/FAB-22835,Sub-Task,Update Content Api and Wordpress to save related post references,Ready For Release,Done,,,,2019-08-27,2019-08-29,2019-09-05
2019-11-29,87.0,0,FAB-22811,https://immediateco.atlassian.net/browse/FAB-22811,Epic,Glossary: Fabric post,Complete,Done,,,2019-09-03,2019-09-27,,2019-11-29
2019-09-19,27.0,0,FAB-22807,https://immediateco.atlassian.net/browse/FAB-22807,Discovery Story,Phase 1 | Summarise feedback from user testing of My Hub,Complete,Done,,,2019-08-23,2019-09-09,2019-09-10,2019-09-19
2019-09-04,8.0,0,FAB-22801,https://immediateco.atlassian.net/browse/FAB-22801,Story,Provide Environment Variables for API (Postman) Testing,Complete,Done,2019-08-27,2019-08-27,2019-08-27,2019-08-29,2019-09-04,2019-09-04
2019-09-04,13.0,0,FAB-22795,https://immediateco.atlassian.net/browse/FAB-22795,Spike,Create a defined relationship between Menu and Display locations,Complete,Done,2019-08-22,2019-08-22,2019-08-22,2019-08-28,2019-09-04,2019-09-04
2019-08-29,7.0,0,FAB-22784,https://immediateco.atlassian.net/browse/FAB-22784,Story,Create 'good food editor' user in WP,Complete,Done,2019-08-22,2019-08-22,2019-08-22,2019-08-28,2019-08-28,2019-08-29
2019-09-09,18.0,0,FAB-22783,https://immediateco.atlassian.net/browse/FAB-22783,Spike,Make sure recipes are only available on VPN,Closed,Done,2019-08-22,2019-08-22,2019-08-23,2019-09-09,,2019-09-09
2019-09-05,14.0,0,FAB-22780,https://immediateco.atlassian.net/browse/FAB-22780,Story,Ensure ads are live for the alpha,Complete,Done,2019-08-22,2019-08-22,2019-08-22,2019-09-05,2019-09-05,2019-09-05
2019-09-04,13.0,5,FAB-22776,https://immediateco.atlassian.net/browse/FAB-22776,Story,Create ten recipes,Complete,Done,2019-08-22,2019-08-22,2019-08-22,2019-08-28,2019-09-02,2019-09-04
2019-09-05,14.0,2,FAB-22775,https://immediateco.atlassian.net/browse/FAB-22775,Story,Alpha header,Complete,Done,2019-08-22,2019-08-22,2019-08-22,2019-08-27,2019-08-28,2019-09-05
2019-08-29,7.0,0,FAB-22774,https://immediateco.atlassian.net/browse/FAB-22774,Story,Hide grey boxes,Complete,Done,2019-08-22,2019-08-22,2019-08-22,2019-08-27,2019-08-27,2019-08-29
2019-09-09,17.0,0,FAB-22773,https://immediateco.atlassian.net/browse/FAB-22773,Epic,Alpha Prep,Complete,Done,,,2019-08-23,2019-08-28,,2019-09-09
2019-09-06,14.0,0,FAB-22771,https://immediateco.atlassian.net/browse/FAB-22771,Epic,Alpha: Build a test verified container (Code Build),Complete,Done,,2019-08-23,2019-08-23,2019-08-23,,2019-09-06
2019-08-22,1.0,0,FAB-22761,https://immediateco.atlassian.net/browse/FAB-22761,Bug,Recipe ingredient without a quantity displays as 'undefined',Complete,Done,2019-08-21,2019-08-21,2019-08-22,2019-08-22,2019-08-22,2019-08-22
2019-09-17,28.0,0,FAB-22740,https://immediateco.atlassian.net/browse/FAB-22740,Spike,How do we build a Preview for headless content ?,Complete,Done,2019-08-20,2019-08-20,2019-08-20,2019-09-16,2019-09-16,2019-09-17
2019-10-31,73.0,0,FAB-22680,https://immediateco.atlassian.net/browse/FAB-22680,Story,Cross Account CodePipeline Orchestration,Complete,Done,2019-08-19,2019-08-19,2019-08-19,2019-10-23,2019-10-31,2019-10-31
2019-11-15,88.0,0,FAB-22661,https://immediateco.atlassian.net/browse/FAB-22661,Story,Automatically update Task definitions to support fresh deployments,Closed,Done,2019-08-19,2019-08-19,2019-08-19,,,2019-11-15
2019-11-20,93.0,0,FAB-22660,https://immediateco.atlassian.net/browse/FAB-22660,Story,Deploy content-api service image to ECS using the commit hash as the image tag,Ready For Release,Done,2019-08-19,2019-08-19,2019-08-19,2019-11-12,2019-11-19,2019-11-20
2019-08-30,11.0,0,FAB-22657,https://immediateco.atlassian.net/browse/FAB-22657,Story,Support Feature Branch Process ,Complete,Done,2019-08-19,2019-08-19,2019-08-19,2019-08-20,2019-08-29,2019-08-30
2019-09-12,23.0,0,FAB-22649,https://immediateco.atlassian.net/browse/FAB-22649,Story,Recipe : Goes Well With,Complete,Done,2019-08-20,2019-08-20,2019-08-20,2019-08-27,2019-08-30,2019-09-12
2019-09-13,25.0,0,FAB-22648,https://immediateco.atlassian.net/browse/FAB-22648,Epic,Recipe : Goes Well With,Complete,Done,,2019-08-19,2019-08-23,2019-08-28,,2019-09-13
2019-10-14,35.0,0,FAB-22640,https://immediateco.atlassian.net/browse/FAB-22640,Epic,Recipes : Media & refinement,Complete,Done,,,2019-09-09,2019-09-30,,2019-10-14
2019-08-29,8.0,0,FAB-22602,https://immediateco.atlassian.net/browse/FAB-22602,Story,B. introduce a configuration per site for â€¦ different boost levels?,Closed,Done,2019-08-13,2019-08-21,,,,2019-08-29
2019-10-16,41.0,0,FAB-22592,https://immediateco.atlassian.net/browse/FAB-22592,Story,"Sticky Advert Logic - investigate, document, do",Complete,Done,2019-09-05,2019-09-05,2019-09-10,2019-09-27,2019-10-10,2019-10-16
2019-10-17,14.0,0,FAB-22571,https://immediateco.atlassian.net/browse/FAB-22571,Story,Reactions/Rating - Create 'Feed Rating',Complete,Done,2019-10-03,2019-10-03,2019-10-03,2019-10-11,2019-10-16,2019-10-17
2019-11-14,93.0,0,FAB-22555,https://immediateco.atlassian.net/browse/FAB-22555,Epic,Reactions - Backend Service,Complete,Done,,2019-08-13,2019-08-13,2019-08-13,,2019-11-14
2019-09-02,21.0,0,FAB-22540,https://immediateco.atlassian.net/browse/FAB-22540,Discovery Story,Admin for Header,Complete,Done,,,2019-08-12,2019-08-13,2019-08-28,2019-09-02
2019-08-22,10.0,0,FAB-22537,https://immediateco.atlassian.net/browse/FAB-22537,Story,Ensure we can build any environment from master,Complete,Done,2019-08-12,2019-08-12,2019-08-12,2019-08-12,2019-08-16,2019-08-22
2019-09-12,31.0,0,FAB-22534,https://immediateco.atlassian.net/browse/FAB-22534,Dev Task,Header Placeholder Component,Complete,Done,2019-08-12,2019-08-12,2019-08-13,2019-09-09,2019-09-10,2019-09-12
2019-11-08,50.0,0,FAB-22527,https://immediateco.atlassian.net/browse/FAB-22527,Story,ðŸŽ‰Implement the Mega MenuðŸŽ‰,Ready For Release,Done,2019-09-19,2019-09-19,2019-09-24,2019-10-21,2019-10-24,2019-11-08
2019-09-19,38.0,0,FAB-22526,https://immediateco.atlassian.net/browse/FAB-22526,Story,Header - Eyebrow menu (Desktop),Complete,Done,2019-08-12,2019-08-12,2019-08-13,2019-09-09,2019-09-13,2019-09-19
2019-10-09,58.0,0,FAB-22525,https://immediateco.atlassian.net/browse/FAB-22525,Story,Header - Basic Navigation (Top-level nav items),Complete,Done,2019-08-12,2019-08-12,2019-08-13,2019-09-18,2019-09-18,2019-10-09
2019-09-19,38.0,0,FAB-22524,https://immediateco.atlassian.net/browse/FAB-22524,Story,Header - Branded section,Complete,Done,2019-08-12,2019-08-12,2019-08-13,2019-09-09,2019-09-13,2019-09-19
2019-10-17,66.0,1,FAB-22523,https://immediateco.atlassian.net/browse/FAB-22523,Story,Mobile header bar,Complete,Done,2019-08-12,2019-08-12,2019-08-13,2019-10-02,2019-10-10,2019-10-17
2019-08-22,13.0,0,FAB-22519,https://immediateco.atlassian.net/browse/FAB-22519,Dev Task,Define 'Menus' contract,Complete,Done,2019-08-09,2019-08-09,2019-08-12,2019-08-13,2019-08-22,2019-08-22
2019-09-18,40.0,0,FAB-22518,https://immediateco.atlassian.net/browse/FAB-22518,Spike,UGR Image Storage - What should we use for it?,Complete,Done,2019-08-09,2019-08-09,2019-08-12,2019-09-17,2019-09-18,2019-09-18
2019-10-04,57.0,0,FAB-22475,https://immediateco.atlassian.net/browse/FAB-22475,Design Story,Conversion calculator widget design,Complete,Done,2019-08-08,2019-08-08,2019-09-23,2019-09-25,2019-10-01,2019-10-04
2019-08-28,20.0,0,FAB-22474,https://immediateco.atlassian.net/browse/FAB-22474,UX Story,Roast calculator widget UX,Complete,Done,2019-08-08,2019-08-08,2019-08-19,2019-08-20,2019-08-27,2019-08-28
2019-10-31,84.0,0,FAB-22468,https://immediateco.atlassian.net/browse/FAB-22468,Story,Glossary post should have schema override,Complete,Done,2019-08-08,2019-08-08,2019-08-19,2019-10-24,2019-10-29,2019-10-31
2019-11-28,112.0,0,FAB-22466,https://immediateco.atlassian.net/browse/FAB-22466,Story,Glossary post type should display ad slots,Complete,Done,2019-08-08,2019-08-08,2019-08-30,2019-11-25,2019-11-27,2019-11-28
2019-09-04,27.0,0,FAB-22462,https://immediateco.atlassian.net/browse/FAB-22462,Story,Return whole recipe data from the Content API directly,Complete,Done,2019-08-08,2019-08-08,2019-08-08,2019-08-14,2019-08-21,2019-09-04
2019-09-04,12.0,0,FAB-22453,https://immediateco.atlassian.net/browse/FAB-22453,Story,Fabric: Push any missing sub-resources,Complete,Done,2019-08-23,2019-08-23,2019-08-23,2019-09-03,2019-09-03,2019-09-04
2019-08-29,17.0,0,FAB-22451,https://immediateco.atlassian.net/browse/FAB-22451,Dev Task,Update Postman tests in Content API,Complete,Done,2019-08-12,2019-08-12,2019-08-12,2019-08-20,2019-08-29,2019-08-29
2019-09-13,37.0,0,FAB-22448,https://immediateco.atlassian.net/browse/FAB-22448,Spike,"Elementor, embed and AMP friendly table widget plugin",Complete,Done,2019-08-07,2019-08-07,2019-08-27,2019-08-27,2019-09-13,2019-09-13
2019-09-04,27.0,0,FAB-22442,https://immediateco.atlassian.net/browse/FAB-22442,Story,Admin : Publication Link of Recipes,Complete,Done,2019-08-08,2019-08-08,2019-08-08,2019-09-02,2019-09-02,2019-09-04
2019-09-18,42.0,0,FAB-22434,https://immediateco.atlassian.net/browse/FAB-22434,UX Story,Imperial to metric volumes/weights conversion widget(s),Complete,Done,2019-08-07,2019-08-07,2019-08-19,2019-08-20,2019-09-10,2019-09-18
2019-09-11,35.0,0,FAB-22430,https://immediateco.atlassian.net/browse/FAB-22430,UX Story,Admin for Seasonal Calendar table creator,Descoped,,2019-08-07,2019-08-07,,,,2019-09-11
2019-09-05,28.0,0,FAB-22425,https://immediateco.atlassian.net/browse/FAB-22425,Epic,Kill Translation API,Complete,Done,2019-08-08,2019-08-08,2019-08-08,2019-08-20,,2019-09-05
2019-11-15,100.0,0,FAB-22422,https://immediateco.atlassian.net/browse/FAB-22422,Design Story,Roast calculator widget design,Complete,Done,2019-08-07,2019-08-07,2019-10-30,2019-10-30,2019-11-13,2019-11-15
2019-08-09,2.0,0,FAB-22417,https://immediateco.atlassian.net/browse/FAB-22417,Story,facilitate running QA tests against multiple environments ,Complete,Done,2019-08-07,2019-08-07,2019-08-07,2019-08-07,2019-08-08,2019-08-09
2019-08-09,2.0,0,FAB-22416,https://immediateco.atlassian.net/browse/FAB-22416,Story,Add PHP tests,Complete,Done,2019-08-07,2019-08-07,2019-08-07,2019-08-07,2019-08-08,2019-08-09
2019-09-19,42.0,0,FAB-22411,https://immediateco.atlassian.net/browse/FAB-22411,Bug,Admin: When creating and immediately deleting a taxonomy term headless-apis fails,Complete,Done,2019-08-08,2019-08-08,2019-08-08,2019-09-18,2019-09-18,2019-09-19
2019-11-08,17.0,0,FAB-22409,https://immediateco.atlassian.net/browse/FAB-22409,Story,Glossary post type should have timely data fields,Complete,Done,2019-08-06,2019-10-22,2019-11-04,2019-11-06,2019-11-07,2019-11-08
2019-08-07,1.0,0,FAB-22406,https://immediateco.atlassian.net/browse/FAB-22406,Discovery Elaboration,Recipes Admin : define the placement and styling for the publication taxonomy,Complete,Done,,,2019-08-06,2019-08-06,2019-08-06,2019-08-07
2019-11-05,49.0,0,FAB-22366,https://immediateco.atlassian.net/browse/FAB-22366,Story,Additional Error Handling in Content API ,Ready For Release,Done,2019-09-03,2019-09-17,2019-09-17,2019-11-04,2019-11-04,2019-11-05
2019-10-16,48.0,0,FAB-22365,https://immediateco.atlassian.net/browse/FAB-22365,Story,Basic scope handling in Content API using voters,Complete,Done,2019-08-29,2019-08-29,2019-08-29,2019-10-01,2019-10-09,2019-10-16
2019-09-17,19.0,0,FAB-22364,https://immediateco.atlassian.net/browse/FAB-22364,Story,Add support for Identity Auth in Content API,Complete,Done,2019-08-29,2019-08-29,2019-08-29,2019-09-09,2019-09-13,2019-09-17
2019-09-18,15.0,0,FAB-22363,https://immediateco.atlassian.net/browse/FAB-22363,Story,Introduce Local Auth Abstraction in im-headless-apis,Closed,Done,2019-09-03,2019-09-03,2019-09-03,,,2019-09-18
2019-10-01,33.0,0,FAB-22362,https://immediateco.atlassian.net/browse/FAB-22362,Story,Swap out Mocked Auth for Identity Auth in im-headless-apis,Complete,Done,2019-08-29,2019-08-29,2019-08-29,2019-09-25,2019-09-30,2019-10-01
2019-09-19,42.0,0,FAB-22338,https://immediateco.atlassian.net/browse/FAB-22338,Bug,Recipe-FE: When the value of a nutrition block is 0 the block doesn't show on the recipe,Complete,Done,2019-08-08,2019-08-08,2019-08-08,2019-09-17,2019-09-17,2019-09-19
2019-08-05,0.0,0,FAB-22327,https://immediateco.atlassian.net/browse/FAB-22327,Discovery Design Story,SPEC: Slate footer,Complete,Done,,,2019-08-05,2019-08-05,2019-08-05,2019-08-05
2019-09-02,13.0,0,FAB-22310,https://immediateco.atlassian.net/browse/FAB-22310,Story,Create 'Footer_Settings' Resource,Complete,Done,2019-08-20,2019-08-20,2019-08-27,2019-08-28,2019-08-30,2019-09-02
2019-10-18,64.0,0,FAB-22304,https://immediateco.atlassian.net/browse/FAB-22304,Story,Create 'Menus' Resource,Complete,Done,2019-08-15,2019-08-15,2019-08-19,2019-08-28,2019-09-11,2019-10-18
2019-09-02,18.0,0,FAB-22303,https://immediateco.atlassian.net/browse/FAB-22303,Story,Create 'Advertisement' Resource,Complete,Done,2019-08-15,2019-08-15,2019-08-15,2019-08-15,2019-08-29,2019-09-02
2019-08-27,22.0,0,FAB-22300,https://immediateco.atlassian.net/browse/FAB-22300,Discovery Story,Navigation & IA of My Hub space,Complete,Done,2019-07-30,,2019-08-05,2019-08-19,2019-08-22,2019-08-27
2019-09-05,29.0,0,FAB-22278,https://immediateco.atlassian.net/browse/FAB-22278,Story,Remove need for frequent manual IP whitelisting,Complete,Done,2019-08-07,2019-08-07,2019-08-12,2019-08-28,2019-09-02,2019-09-05
2019-08-21,13.0,0,FAB-22272,https://immediateco.atlassian.net/browse/FAB-22272,Bug,Admin: Deleting an ingredient term deletes the ingredient text,Complete,Done,2019-08-08,2019-08-08,2019-08-08,2019-08-13,2019-08-16,2019-08-21
2019-08-05,6.0,0,FAB-22263,https://immediateco.atlassian.net/browse/FAB-22263,Dev Task,Footer Placeholder Components,Complete,Done,2019-07-30,2019-07-30,2019-07-30,2019-08-05,2019-08-05,2019-08-05
2019-09-03,35.0,0,FAB-22262,https://immediateco.atlassian.net/browse/FAB-22262,Story,Footer Brand Bar,Complete,Done,2019-07-30,2019-07-30,2019-08-08,2019-08-21,2019-08-29,2019-09-03
2019-09-11,43.0,0,FAB-22261,https://immediateco.atlassian.net/browse/FAB-22261,Story,Footer Corporate Bar,Complete,Done,2019-07-30,2019-07-30,2019-08-08,2019-08-28,2019-09-04,2019-09-11
2019-08-07,9.0,0,FAB-22247,https://immediateco.atlassian.net/browse/FAB-22247,Story,Deploy remote Settings API (as provided by Green),Complete,Done,2019-07-29,2019-07-29,2019-07-29,2019-07-30,2019-08-01,2019-08-07
2019-08-06,8.0,0,FAB-22243,https://immediateco.atlassian.net/browse/FAB-22243,Story,Add breadcrumb component to 'Recipe frontend' package,Complete,Done,2019-07-29,2019-07-29,2019-07-29,2019-07-29,2019-08-06,2019-08-06
2019-07-31,6.0,0,FAB-22229,https://immediateco.atlassian.net/browse/FAB-22229,Bug,Recipe-fe: recipe timing on FE don't behave as the UX requirments,Complete,Done,2019-07-25,2019-07-25,2019-07-25,2019-07-29,2019-07-29,2019-07-31
2019-07-29,4.0,0,FAB-22221,https://immediateco.atlassian.net/browse/FAB-22221,Bug,Recipe-fe: Unicode characters are showing in Ingredients and Method,Complete,Done,2019-07-25,2019-07-25,2019-07-25,2019-07-29,2019-07-29,2019-07-29
2019-07-30,5.0,0,FAB-22220,https://immediateco.atlassian.net/browse/FAB-22220,Bug,Translation API: When you don't enter an ingredient term the api fatals,Complete,Done,2019-07-25,2019-07-25,2019-07-25,2019-07-29,2019-07-29,2019-07-30
2019-10-14,77.0,0,FAB-22219,https://immediateco.atlassian.net/browse/FAB-22219,Story,Recipe images should be served at an appropriate size for the layout,Complete,Done,2019-07-29,2019-07-29,2019-07-30,2019-09-23,2019-10-08,2019-10-14
2019-09-24,56.0,0,FAB-22218,https://immediateco.atlassian.net/browse/FAB-22218,Story,Resized image URLs should not exceed source image dimensions,Complete,Done,2019-07-30,2019-07-30,2019-07-30,2019-09-23,2019-09-23,2019-09-24
2019-07-26,1.0,0,FAB-22210,https://immediateco.atlassian.net/browse/FAB-22210,Discovery Story,Present summary of analysis on My Hub & Saving/Collecting recipes,Closed,Done,,,2019-07-25,2019-07-25,2019-07-26,2019-07-26
2019-11-08,66.0,0,FAB-22196,https://immediateco.atlassian.net/browse/FAB-22196,Epic,Service to Service Auth Integration for Content API,Ready For Release,Done,,,2019-09-03,2019-09-16,,2019-11-08
2019-10-01,8.0,0,FAB-22191,https://immediateco.atlassian.net/browse/FAB-22191,Story, Create an environment for webOps (POC) x 2,Complete,Done,2019-09-23,2019-09-23,2019-09-23,2019-09-23,2019-09-26,2019-10-01
2019-10-17,24.0,0,FAB-22188,https://immediateco.atlassian.net/browse/FAB-22188,Story,inject commit hash into API version healthcheck,Complete,Done,2019-09-23,2019-09-23,2019-09-23,2019-10-14,2019-10-17,2019-10-17
2019-11-15,52.0,0,FAB-22181,https://immediateco.atlassian.net/browse/FAB-22181,Spike,Custom source repo for CI/CD,Closed,Done,2019-09-24,2019-09-24,2019-09-24,2019-09-26,,2019-11-15
2019-08-09,15.0,0,FAB-22180,https://immediateco.atlassian.net/browse/FAB-22180,Story,Static Pipeline in same region,Complete,Done,2019-07-25,2019-07-25,2019-07-25,2019-07-30,2019-08-08,2019-08-09
2019-08-05,12.0,0,FAB-22174,https://immediateco.atlassian.net/browse/FAB-22174,Discovery Design Story,DESIGN: Slate footer,Complete,Done,,,2019-07-24,2019-07-24,2019-08-01,2019-08-05
2019-08-15,23.0,0,FAB-22144,https://immediateco.atlassian.net/browse/FAB-22144,Story,Ads: IndexExchange,Complete,Done,2019-07-23,2019-07-23,2019-07-23,2019-08-12,2019-08-12,2019-08-15
2019-08-19,27.0,0,FAB-22142,https://immediateco.atlassian.net/browse/FAB-22142,Story,Ads: Recipe MPUs,Complete,Done,2019-07-23,2019-07-23,2019-07-23,2019-08-12,2019-08-12,2019-08-19
2019-08-19,27.0,0,FAB-22141,https://immediateco.atlassian.net/browse/FAB-22141,Story,Ads: Out of page unit,Complete,Done,2019-07-23,2019-07-23,2019-07-23,2019-08-12,2019-08-15,2019-08-19
2019-08-19,27.0,0,FAB-22140,https://immediateco.atlassian.net/browse/FAB-22140,Story,Ads: Header ad unit,Complete,Done,2019-07-23,2019-07-23,2019-07-23,2019-08-12,2019-08-14,2019-08-19
2019-08-15,23.0,0,FAB-22139,https://immediateco.atlassian.net/browse/FAB-22139,Story,Ads: Basic DFP Configuration,Complete,Done,2019-07-23,2019-07-23,2019-07-23,2019-08-12,2019-08-12,2019-08-15
2019-10-03,58.0,0,FAB-22121,https://immediateco.atlassian.net/browse/FAB-22121,Epic,Recipe Add-Ons : Outbrain,Complete,Done,,2019-08-06,2019-08-06,2019-09-24,,2019-10-03
2019-08-21,35.0,0,FAB-22076,https://immediateco.atlassian.net/browse/FAB-22076,Story,Schema tests for UGR storage API endpoints,Complete,Done,2019-07-17,2019-07-17,2019-08-15,2019-08-15,2019-08-16,2019-08-21
2019-07-19,4.0,0,FAB-22024,https://immediateco.atlassian.net/browse/FAB-22024,Design Story,DESIGN: add A-Z to individual glossary items,Complete,Done,2019-07-15,2019-07-15,2019-07-15,2019-07-16,2019-07-16,2019-07-19
2019-07-30,15.0,0,FAB-22022,https://immediateco.atlassian.net/browse/FAB-22022,Spike,Review Infrastructure and Code Pipeline patterns,Complete,Done,2019-07-15,2019-07-15,2019-07-15,2019-07-16,2019-07-22,2019-07-30
2019-07-19,4.0,0,FAB-22011,https://immediateco.atlassian.net/browse/FAB-22011,Bug,Static assets aren't loading for Recipes front end,Complete,Done,2019-07-15,2019-07-15,2019-07-15,2019-07-17,2019-07-19,2019-07-19
2019-07-19,4.0,0,FAB-22004,https://immediateco.atlassian.net/browse/FAB-22004,Bug,Storybook: GF Tags text is too big,Complete,Done,2019-07-12,2019-07-15,2019-07-15,2019-07-17,2019-07-17,2019-07-19
2019-07-15,0.0,0,FAB-22003,https://immediateco.atlassian.net/browse/FAB-22003,Bug,Collections API: Deleting a collection causes a collection item to fatal,Complete,Done,2019-07-12,2019-07-15,2019-07-15,2019-07-15,2019-07-15,2019-07-15
2019-07-19,4.0,1,FAB-21980,https://immediateco.atlassian.net/browse/FAB-21980,Bug,Admin: One ingredient overrides all others ,Complete,Done,2019-07-12,2019-07-15,2019-07-15,2019-07-15,2019-07-16,2019-07-19
2019-08-13,33.0,0,FAB-21979,https://immediateco.atlassian.net/browse/FAB-21979,Spike,Investigate migration methods for Content API schema changes,Complete,Done,2019-07-11,2019-07-11,2019-07-12,2019-08-07,2019-08-13,2019-08-13
2019-07-24,13.0,0,FAB-21956,https://immediateco.atlassian.net/browse/FAB-21956,Dev Task,Add a way to see content API version from health check endpoint,Complete,Done,2019-07-11,2019-07-11,2019-07-15,2019-07-23,2019-07-23,2019-07-24
2019-10-30,83.0,0,FAB-21928,https://immediateco.atlassian.net/browse/FAB-21928,Story,Glossary A-Z navigation,Complete,Done,2019-07-10,2019-08-08,2019-09-11,2019-10-22,2019-10-23,2019-10-30
2019-09-30,31.0,0,FAB-21927,https://immediateco.atlassian.net/browse/FAB-21927,Story,Glossary item frontend,Complete,Done,2019-07-10,2019-08-30,2019-08-30,2019-09-11,2019-09-24,2019-09-30
2019-09-27,52.0,0,FAB-21926,https://immediateco.atlassian.net/browse/FAB-21926,Story,Glossary admin,Complete,Done,2019-07-10,2019-08-06,2019-08-19,2019-09-10,2019-09-26,2019-09-27
2019-10-02,15.0,2,FAB-21897,https://immediateco.atlassian.net/browse/FAB-21897,Story,Pass remaining post settings through to the Content API,Complete,Done,2019-09-17,2019-09-17,2019-09-17,2019-09-24,2019-09-25,2019-10-02
2019-11-08,64.0,0,FAB-21891,https://immediateco.atlassian.net/browse/FAB-21891,Epic,Mega Menu,Ready For Release,Done,,2019-09-05,2019-09-13,2019-09-13,,2019-11-08
2019-11-19,14.0,0,FAB-21809,https://immediateco.atlassian.net/browse/FAB-21809,Story,Reactions - Deploy URS Container to STAGING environment,Ready For Release,Done,2019-07-03,2019-11-05,2019-11-15,2019-11-19,2019-11-19,2019-11-19
2019-12-03,153.0,0,FAB-21808,https://immediateco.atlassian.net/browse/FAB-21808,Story,Reactions - Set-up STAGING environment,Ready For Release,Done,2019-07-03,2019-07-03,2019-07-11,2019-10-01,2019-11-15,2019-12-03
2019-09-12,71.0,0,FAB-21803,https://immediateco.atlassian.net/browse/FAB-21803,Story,Reactions - Build Docker container,Complete,Done,2019-07-03,2019-07-03,2019-07-04,2019-09-09,2019-09-10,2019-09-12
2019-08-01,29.0,0,FAB-21793,https://immediateco.atlassian.net/browse/FAB-21793,Story,Expose Recipes by Slug from Translation,Complete,Done,2019-07-03,2019-07-03,2019-07-23,2019-07-30,2019-07-31,2019-08-01
2019-07-18,10.0,0,FAB-21757,https://immediateco.atlassian.net/browse/FAB-21757,Discovery Story,"Analysis of current flows for saving a recipe to my hub, and adding to a collection",Complete,Done,,,2019-07-08,2019-07-08,2019-07-10,2019-07-18
2019-07-18,10.0,0,FAB-21756,https://immediateco.atlassian.net/browse/FAB-21756,Discovery Story,Analysis of current flows within user hub,Complete,Done,,,2019-07-08,2019-07-08,2019-07-10,2019-07-18
2019-08-27,56.0,0,FAB-21755,https://immediateco.atlassian.net/browse/FAB-21755,Discovery Design Story,DESIGN specs: Slate Branded Section (Header),Complete,Done,,,2019-07-02,2019-08-27,2019-08-27,2019-08-27
2019-08-29,58.0,0,FAB-21732,https://immediateco.atlassian.net/browse/FAB-21732,Discovery Design Story,DESIGN specs: Static logged out Header (GoodFood),Complete,Done,,,2019-07-02,2019-08-27,2019-08-29,2019-08-29
2019-08-27,57.0,0,FAB-21730,https://immediateco.atlassian.net/browse/FAB-21730,Discovery Design Story,DESIGN specs: Slate Static logged out Header,Complete,Done,,,2019-07-01,2019-07-03,2019-08-09,2019-08-27
2019-07-22,26.0,0,FAB-21649,https://immediateco.atlassian.net/browse/FAB-21649,Story,Mock endpoints in the recipes frontend,Closed,Done,,2019-06-26,,,,2019-07-22
2019-08-15,43.0,0,FAB-21625,https://immediateco.atlassian.net/browse/FAB-21625,Story,Allow manipulated images on recipes frontend,Complete,Done,2019-07-03,2019-07-03,2019-07-23,2019-07-31,2019-08-02,2019-08-15
2019-11-26,5.0,0,FAB-21554,https://immediateco.atlassian.net/browse/FAB-21554,Story,Glossary link,Closed,Done,2019-09-30,2019-11-21,,,,2019-11-26
2019-07-30,40.0,0,FAB-21538,https://immediateco.atlassian.net/browse/FAB-21538,Epic,Code Pipeline | Content API,Closed,Done,,2019-06-20,2019-06-26,2019-07-03,,2019-07-30
2019-08-16,57.0,0,FAB-21529,https://immediateco.atlassian.net/browse/FAB-21529,Dev Task,Create Servings Sub Class for Recipe Parent Class,Complete,Done,,2019-06-20,2019-07-23,2019-07-31,2019-07-31,2019-08-16
2019-10-16,105.0,0,FAB-21524,https://immediateco.atlassian.net/browse/FAB-21524,Story,Create fixtures for recipe UGR endpoint,Complete,Done,2019-06-24,2019-07-03,2019-07-03,2019-10-15,2019-10-16,2019-10-16
2019-09-11,72.0,0,FAB-21509,https://immediateco.atlassian.net/browse/FAB-21509,Story,Ad slots for editorial lists,Complete,Done,2019-06-19,2019-07-01,2019-08-12,2019-08-15,2019-09-10,2019-09-11
2019-08-07,23.0,0,FAB-21508,https://immediateco.atlassian.net/browse/FAB-21508,Story,Masthead Led Editorial List items count,Complete,Done,2019-06-19,2019-07-15,2019-07-15,2019-07-22,2019-08-05,2019-08-07
2019-08-07,37.0,0,FAB-21507,https://immediateco.atlassian.net/browse/FAB-21507,Story,Register List Partial Layout,Complete,Done,2019-06-19,2019-07-01,2019-07-01,2019-07-08,2019-08-05,2019-08-07
2019-11-29,164.0,0,FAB-21490,https://immediateco.atlassian.net/browse/FAB-21490,Epic,List / collection frontend,Complete,Done,2019-06-18,2019-06-18,2019-07-24,2019-07-24,,2019-11-29
2019-08-16,58.0,0,FAB-21474,https://immediateco.atlassian.net/browse/FAB-21474,Story,Add advanced fields to UGR Recipe endpoint,Complete,Done,2019-06-19,2019-06-19,2019-06-19,2019-06-19,2019-08-16,2019-08-16
2019-07-01,14.0,0,FAB-21449,https://immediateco.atlassian.net/browse/FAB-21449,Design Story,Glossary design,Complete,Done,2019-06-17,2019-06-17,2019-06-17,2019-06-17,2019-06-26,2019-07-01
2019-07-31,44.0,0,FAB-21448,https://immediateco.atlassian.net/browse/FAB-21448,Discovery Story,UX Discovery: Glossary admin,Complete,Done,,,2019-06-17,2019-06-18,2019-07-14,2019-07-31
2019-07-18,24.0,0,FAB-21409,https://immediateco.atlassian.net/browse/FAB-21409,Discovery Story,Sketches and ideas for My Hub,Complete,Done,,,2019-06-24,2019-07-10,2019-07-16,2019-07-18
2019-07-05,19.0,0,FAB-21408,https://immediateco.atlassian.net/browse/FAB-21408,Discovery Story,Competitor Analysis for Favouriting systems/functions,Complete,Done,,,2019-06-16,2019-06-18,2019-06-27,2019-07-05
2019-07-30,47.0,0,FAB-21386,https://immediateco.atlassian.net/browse/FAB-21386,Epic,Content API : Maintain Data Integrity,Complete,Done,,2019-06-13,2019-06-13,2019-07-17,,2019-07-30
2019-08-15,45.0,0,FAB-21379,https://immediateco.atlassian.net/browse/FAB-21379,Story,Update GF Taxonomies,Complete,Done,2019-06-21,2019-07-01,2019-07-23,2019-08-05,2019-08-13,2019-08-15
2019-10-17,126.0,0,FAB-21349,https://immediateco.atlassian.net/browse/FAB-21349,Spike,Document work required for Alexa Translation API,Complete,Done,2019-06-11,2019-06-13,2019-06-13,2019-10-11,2019-10-16,2019-10-17
2019-11-25,167.0,0,FAB-21344,https://immediateco.atlassian.net/browse/FAB-21344,Story,Make the User Collections API available remotely,Ready For Release,Done,2019-06-11,2019-06-11,2019-06-11,2019-11-21,2019-11-21,2019-11-25
2019-07-18,37.0,0,FAB-21325,https://immediateco.atlassian.net/browse/FAB-21325,Epic,GF/Mig - Extraction,Ready For Release,Done,,2019-06-11,2019-06-11,2019-06-25,,2019-07-18
2019-07-24,43.0,0,FAB-21312,https://immediateco.atlassian.net/browse/FAB-21312,Story,Collections: Integrate into Translation API,Closed,Done,2019-06-11,2019-06-11,2019-06-11,,,2019-07-24
2019-07-11,30.0,0,FAB-21311,https://immediateco.atlassian.net/browse/FAB-21311,Story,Collections: Set up API,Complete,Done,2019-06-11,2019-06-11,2019-06-11,2019-06-17,2019-07-02,2019-07-11
2019-06-24,13.0,0,FAB-21280,https://immediateco.atlassian.net/browse/FAB-21280,Spike,Caching strategy,Complete,Done,2019-06-11,2019-06-11,2019-06-11,2019-06-20,2019-06-24,2019-06-24
2019-06-25,14.0,0,FAB-21279,https://immediateco.atlassian.net/browse/FAB-21279,Story,Collections: Document data schema and endpoints,Complete,Done,2019-06-11,2019-06-11,2019-06-11,2019-06-21,2019-06-25,2019-06-25
2019-06-25,13.0,0,FAB-21256,https://immediateco.atlassian.net/browse/FAB-21256,Dev Task,Create an endpoint for recipe domain,Complete,Done,2019-06-12,2019-06-12,2019-06-17,2019-06-18,2019-06-20,2019-06-25
2019-06-18,6.0,0,FAB-21255,https://immediateco.atlassian.net/browse/FAB-21255,Dev Task,Create a user endpoint for with basic fields,Closed,Done,2019-06-12,2019-06-12,2019-06-17,2019-06-18,,2019-06-18
2019-11-27,1.0,0,FAB-21219,https://immediateco.atlassian.net/browse/FAB-21219,Story,Action Scheduler: Improve Retry Mechanism,Ready For Release,Done,2019-09-19,2019-11-26,2019-11-26,2019-11-26,2019-11-26,2019-11-27
2019-10-02,23.0,0,FAB-21199,https://immediateco.atlassian.net/browse/FAB-21199,Epic,GF/Mig/EdCol - Transform & Load,Ready For Release,Done,,2019-09-09,2019-09-09,2019-09-09,,2019-10-02
2019-11-21,162.0,0,FAB-21186,https://immediateco.atlassian.net/browse/FAB-21186,Story,Add migration script to Related articles plugin. ,Closed,Done,2019-06-11,2019-06-12,2019-08-02,,,2019-11-21
2019-09-02,89.0,0,FAB-21128,https://immediateco.atlassian.net/browse/FAB-21128,Epic,Skinny List View for Search,Complete,Done,,2019-06-05,2019-06-05,2019-06-06,,2019-09-02
2019-10-02,97.0,0,FAB-21043,https://immediateco.atlassian.net/browse/FAB-21043,Epic,GF/Mig/EdRec - Transform Data using IFT ready for SXS Recipe,Ready For Release,Done,,,2019-06-27,2019-08-19,,2019-10-02
2019-06-26,23.0,0,FAB-21035,https://immediateco.atlassian.net/browse/FAB-21035,Epic,GF/Mig/EdRec - Extract Data,Ready For Release,Done,,2019-06-03,2019-06-06,2019-06-06,,2019-06-26
2019-11-12,160.0,0,FAB-20999,https://immediateco.atlassian.net/browse/FAB-20999,Story,Embed/Widget : Brightcove Embed,Ready For Release,Done,2019-06-05,2019-06-05,2019-06-05,2019-10-21,2019-10-30,2019-11-12
2019-10-31,122.0,0,FAB-20980,https://immediateco.atlassian.net/browse/FAB-20980,UX Story,Seasonal calendar UX,Complete,Done,2019-07-01,2019-07-01,2019-07-01,2019-10-31,2019-10-31,2019-10-31
2019-08-21,70.0,0,FAB-20946,https://immediateco.atlassian.net/browse/FAB-20946,Epic,Recipe : Basic Ads,Complete,Done,,2019-06-12,2019-07-30,2019-08-20,,2019-08-21
2019-10-30,30.0,0,FAB-20929,https://immediateco.atlassian.net/browse/FAB-20929,Story,Square image div fix on widgets,Complete,Done,2019-09-26,2019-09-30,2019-09-30,2019-10-21,2019-10-29,2019-10-30
2019-08-01,77.0,0,FAB-20772,https://immediateco.atlassian.net/browse/FAB-20772,Discovery Elaboration,IA: User/member recipes & collections,Closed,Done,,,2019-05-16,,,2019-08-01
2019-06-26,41.0,0,FAB-20751,https://immediateco.atlassian.net/browse/FAB-20751,Story,Update Contract for Good Food Recipe,Complete,Done,2019-05-16,2019-05-16,2019-05-16,2019-06-06,2019-06-20,2019-06-26
2019-08-05,18.0,0,FAB-20750,https://immediateco.atlassian.net/browse/FAB-20750,Spike,Spike:Adapt search weighting for Recipes,Complete,Done,2019-05-14,2019-07-18,2019-07-18,2019-08-01,2019-08-05,2019-08-05
2019-06-11,26.0,0,FAB-20745,https://immediateco.atlassian.net/browse/FAB-20745,Spike,"User Collections : Agree expected contract, functionality & infrastructure requirements",Complete,Done,2019-05-16,2019-05-16,2019-05-16,2019-06-10,2019-06-11,2019-06-11
2019-08-01,35.0,0,FAB-20716,https://immediateco.atlassian.net/browse/FAB-20716,Story,Create a theme provider package,Complete,Done,2019-06-27,2019-06-27,2019-06-27,2019-07-15,2019-07-31,2019-08-01
2019-06-20,42.0,0,FAB-20668,https://immediateco.atlassian.net/browse/FAB-20668,Story,Good food synonym config file to be uploaded,Complete,Done,2019-05-09,2019-05-09,2019-05-29,2019-06-05,2019-06-20,2019-06-20
2019-08-15,64.0,0,FAB-20611,https://immediateco.atlassian.net/browse/FAB-20611,Epic,Recipe : Embeds & Widgets,Complete,Done,,2019-06-12,2019-07-03,2019-07-03,,2019-08-15
2019-08-15,71.0,0,FAB-20551,https://immediateco.atlassian.net/browse/FAB-20551,Story,Embed/Widget : Process Highlight/Tip embeds in content blocks,Complete,Done,2019-06-05,2019-06-05,2019-06-05,2019-07-30,2019-08-07,2019-08-15
2019-07-25,50.0,0,FAB-20550,https://immediateco.atlassian.net/browse/FAB-20550,Story,Embed/Widget : Process Image short codes in content blocks,Complete,Done,2019-06-05,2019-06-05,2019-06-05,2019-07-03,2019-07-15,2019-07-25
2019-10-31,183.0,0,FAB-20549,https://immediateco.atlassian.net/browse/FAB-20549,Epic,Recipe Add-Ons : Onward Journeys,Closed,Done,,2019-05-01,,,,2019-10-31
2019-07-17,30.0,0,FAB-20548,https://immediateco.atlassian.net/browse/FAB-20548,Story,Components : Editorial Recipe,Complete,Done,2019-05-31,2019-06-17,2019-06-17,2019-07-01,2019-07-10,2019-07-17
2019-07-15,28.0,0,FAB-20547,https://immediateco.atlassian.net/browse/FAB-20547,Story,Components : Masthead,Complete,Done,2019-05-31,2019-06-17,2019-06-17,2019-07-01,2019-07-01,2019-07-15
2019-06-24,46.0,0,FAB-20546,https://immediateco.atlassian.net/browse/FAB-20546,Story,Components : Social share component,Complete,Done,2019-05-09,2019-05-09,2019-06-05,2019-06-17,2019-06-19,2019-06-24
2019-06-07,29.0,1,FAB-20545,https://immediateco.atlassian.net/browse/FAB-20545,Story,Components : Editor content,Complete,Done,2019-05-09,2019-05-09,2019-05-09,2019-05-24,2019-05-31,2019-06-07
2019-07-24,54.0,0,FAB-20544,https://immediateco.atlassian.net/browse/FAB-20544,Story,Components : Breadcrumb,Complete,Done,2019-05-31,2019-05-31,2019-06-11,2019-07-16,2019-07-18,2019-07-24
2019-05-31,22.0,0,FAB-20543,https://immediateco.atlassian.net/browse/FAB-20543,Story,Components : Grouped list,Complete,Done,2019-05-09,2019-05-09,2019-05-09,2019-05-21,2019-05-30,2019-05-31
2019-05-08,1.0,0,FAB-20542,https://immediateco.atlassian.net/browse/FAB-20542,Story,Components : Horizontal list ,Complete,Done,2019-05-07,2019-05-07,2019-05-07,2019-05-07,2019-05-07,2019-05-08
2019-06-05,22.0,0,FAB-20541,https://immediateco.atlassian.net/browse/FAB-20541,Story,Components : Highlight top tip,Complete,Done,2019-05-14,2019-05-14,2019-05-14,2019-05-28,2019-05-30,2019-06-05
2019-06-26,9.0,0,FAB-20539,https://immediateco.atlassian.net/browse/FAB-20539,Story,Components : Ratings,Complete,Done,2019-05-31,2019-06-17,2019-06-17,2019-06-17,2019-06-24,2019-06-26
2019-06-17,17.0,0,FAB-20537,https://immediateco.atlassian.net/browse/FAB-20537,Story,Components : Roundel,Closed,Done,2019-05-31,2019-05-31,,,,2019-06-17
2019-05-17,10.0,0,FAB-20536,https://immediateco.atlassian.net/browse/FAB-20536,Story,Components : Tag,Complete,Done,2019-05-07,2019-05-07,2019-05-07,2019-05-09,2019-05-14,2019-05-17
2019-06-24,24.0,0,FAB-20535,https://immediateco.atlassian.net/browse/FAB-20535,Story,Components : Button,Complete,Done,2019-05-31,2019-05-31,2019-06-11,2019-06-17,2019-06-17,2019-06-24
2019-07-25,50.0,0,FAB-20534,https://immediateco.atlassian.net/browse/FAB-20534,Story,Components : Advert component,Complete,Done,2019-05-31,2019-06-05,2019-06-05,2019-07-19,2019-07-19,2019-07-25
2019-06-26,13.0,0,FAB-20413,https://immediateco.atlassian.net/browse/FAB-20413,Story,Simplified codepipeline for api services,Closed,Done,2019-04-25,2019-06-13,2019-06-13,,,2019-06-26
2019-05-30,13.0,0,FAB-20368,https://immediateco.atlassian.net/browse/FAB-20368,Bug (subtask),Content-api: you cannot delete values of non-mandatory fields for the Author and Recipe objects,Complete,Done,2019-05-17,2019-05-17,2019-05-20,2019-05-28,2019-05-29,2019-05-30
2019-05-02,14.0,0,FAB-20327,https://immediateco.atlassian.net/browse/FAB-20327,Discovery Research,Create Survey for My Good Food,Closed,Done,2019-04-18,,2019-04-18,2019-04-23,2019-04-25,2019-05-02
2019-11-04,0.0,0,FAB-20267,https://immediateco.atlassian.net/browse/FAB-20267,Epic,FE Headless Cards,Closed,Done,,2019-11-04,2019-11-04,2019-11-04,,2019-11-04
2019-06-11,56.0,0,FAB-20258,https://immediateco.atlassian.net/browse/FAB-20258,Story,Components : Swap GF icons,Complete,Done,2019-04-16,2019-04-16,2019-04-16,2019-06-07,2019-06-07,2019-06-11
2019-09-25,162.0,0,FAB-20242,https://immediateco.atlassian.net/browse/FAB-20242,Technical Debt,Remove unused code for landscape and portrait thumbnail fields,Closed,Done,2019-04-16,2019-04-16,2019-04-16,,,2019-09-25
2019-09-25,163.0,0,FAB-20233,https://immediateco.atlassian.net/browse/FAB-20233,Bug,Can't Crop Square Thumbnail (Image Handler Off),Closed,Done,2019-04-15,2019-04-15,,,,2019-09-25
2019-07-22,99.0,0,FAB-20215,https://immediateco.atlassian.net/browse/FAB-20215,Story,Components : Setup AWS Pipeline to Post CI reports as PR comments,Complete,Done,2019-04-14,2019-04-14,2019-07-22,2019-07-22,2019-07-22,2019-07-22
2019-08-22,21.0,0,FAB-20184,https://immediateco.atlassian.net/browse/FAB-20184,Discovery Story,"Recipes : define layouts for editorial, user, native and sponsored recipes ",Complete,Done,,,2019-08-01,2019-08-05,2019-08-12,2019-08-22
2019-05-24,43.0,0,FAB-20135,https://immediateco.atlassian.net/browse/FAB-20135,Story,Expose content by site & slug | ID,Complete,Done,2019-04-11,2019-04-11,2019-04-30,2019-05-16,2019-05-16,2019-05-24
2019-08-20,131.0,0,FAB-20110,https://immediateco.atlassian.net/browse/FAB-20110,Spike,Fabric : Figure out what Wordpress does for us,Closed,Done,2019-04-11,2019-04-11,2019-04-11,,,2019-08-20
2019-06-14,11.0,0,FAB-20108,https://immediateco.atlassian.net/browse/FAB-20108,Discovery Story,Discovery & Scope: MyGoodFood,Closed,Done,2019-04-18,,2019-06-03,,,2019-06-14
2019-07-04,6.0,0,FAB-20003,https://immediateco.atlassian.net/browse/FAB-20003,Story,Components : Highlight top tip - Fabric,Complete,Done,2019-05-31,2019-06-28,2019-07-04,2019-07-04,2019-07-04,2019-07-04
2019-11-12,208.0,0,FAB-19913,https://immediateco.atlassian.net/browse/FAB-19913,Discovery Experiment,A/B TEST - Which wording for the save button garners more clicks,Complete,Done,,,2019-04-18,2019-05-02,2019-05-29,2019-11-12
2019-08-09,25.0,0,FAB-19910,https://immediateco.atlassian.net/browse/FAB-19910,Discovery Design Story,DESIGN: Good Food footer,Complete,Done,2019-07-15,,2019-07-15,2019-08-05,2019-08-07,2019-08-09
2019-08-07,98.0,0,FAB-19887,https://immediateco.atlassian.net/browse/FAB-19887,Epic,Recipe : Components,Complete,Done,,2019-05-01,2019-05-17,2019-05-17,,2019-08-07
2019-04-25,21.0,0,FAB-19832,https://immediateco.atlassian.net/browse/FAB-19832,Story,Components : Nutrition,Complete,Done,2019-03-29,2019-04-04,2019-04-04,2019-04-15,2019-04-16,2019-04-25
2019-05-02,41.0,0,FAB-19745,https://immediateco.atlassian.net/browse/FAB-19745,Story,Components : Grid Layout,Complete,Done,2019-03-22,2019-03-22,2019-03-25,2019-04-29,2019-04-29,2019-05-02
2019-08-21,135.0,0,FAB-19731,https://immediateco.atlassian.net/browse/FAB-19731,Epic,Recipe : Editorial Recipes with Real Data,Complete,Done,,,2019-04-08,2019-07-05,,2019-08-21
2019-06-27,41.0,0,FAB-19658,https://immediateco.atlassian.net/browse/FAB-19658,Epic,Update Recipe : Editing a Published Recipe,Complete,Done,2019-03-18,2019-05-17,2019-05-17,2019-06-04,,2019-06-27
2019-05-30,15.0,0,FAB-19624,https://immediateco.atlassian.net/browse/FAB-19624,Spike,Investigate impact of API failure on data update,Complete,Done,2019-03-14,2019-05-15,2019-05-15,2019-05-29,2019-05-30,2019-05-30
2019-07-25,86.0,0,FAB-19622,https://immediateco.atlassian.net/browse/FAB-19622,Story,Content API : Automated sync of data,Complete,Done,2019-03-14,2019-04-30,2019-04-30,2019-07-19,2019-07-22,2019-07-25
2019-07-24,85.0,0,FAB-19621,https://immediateco.atlassian.net/browse/FAB-19621,Story,Content API : Repeatable manual sync of existing data,Complete,Done,2019-03-14,2019-04-30,2019-04-30,2019-07-16,2019-07-19,2019-07-24
2019-06-07,57.0,0,FAB-19615,https://immediateco.atlassian.net/browse/FAB-19615,Story,Update data in content API,Complete,Done,2019-03-14,2019-04-11,2019-04-30,2019-05-20,2019-05-29,2019-06-07
2019-07-05,88.0,0,FAB-19447,https://immediateco.atlassian.net/browse/FAB-19447,Discovery Design Story,DESIGN: Recipe sponsors & member recipes,Complete,Done,,,2019-04-08,2019-04-15,2019-05-02,2019-07-05
2019-11-06,42.0,0,FAB-19276,https://immediateco.atlassian.net/browse/FAB-19276,Epic,New Squarish IM Thumbnail meta field,Complete,Done,,2019-09-25,2019-09-26,2019-09-26,,2019-11-06
2019-05-14,74.0,0,FAB-19275,https://immediateco.atlassian.net/browse/FAB-19275,Story,Migrate landscape and portrait thumbnails to new IM Thumbnail meta field ,Complete,Done,2019-03-01,2019-03-01,2019-03-01,2019-04-12,2019-04-24,2019-05-14
2019-03-01,1.0,0,FAB-19261,https://immediateco.atlassian.net/browse/FAB-19261,Story,Ads : DFP targeting settings to the recipes frontend,Closed,Done,2019-02-28,2019-02-28,,,,2019-03-01
2019-04-15,12.0,0,FAB-19237,https://immediateco.atlassian.net/browse/FAB-19237,Story,Ads : Add Lazy Loading for Ads to the Recipes Frontend,Complete,Done,2019-04-03,2019-04-03,2019-04-08,2019-04-12,2019-04-12,2019-04-15
2019-06-27,65.0,0,FAB-19220,https://immediateco.atlassian.net/browse/FAB-19220,Discovery Design Story,DESIGN: Good food header,Closed,Done,2019-03-06,,2019-04-23,2019-05-10,2019-05-16,2019-06-27
2019-08-16,32.0,0,FAB-19032,https://immediateco.atlassian.net/browse/FAB-19032,Discovery Elaboration,UX Admin: Advertising - Magazine banner ,Complete,Done,2019-03-06,,2019-07-15,2019-07-29,2019-08-01,2019-08-16
2019-07-17,133.0,0,FAB-19010,https://immediateco.atlassian.net/browse/FAB-19010,Discovery Elaboration,"UX ADMIN: Recipe key features - Diet, planning & Nutrition",Complete,Done,,,2019-03-06,2019-03-12,2019-07-16,2019-07-17
2019-04-15,54.0,0,FAB-18987,https://immediateco.atlassian.net/browse/FAB-18987,Story,Option to have square aspect ratio thumbnails,Complete,Done,2019-02-20,2019-02-20,2019-03-01,2019-03-11,2019-04-12,2019-04-15
2019-10-09,119.0,0,FAB-18819,https://immediateco.atlassian.net/browse/FAB-18819,Epic,BE MyGF 01 | User Collections API,Complete,Done,2019-06-12,2019-06-12,2019-10-09,2019-10-09,,2019-10-09
2019-04-15,12.0,0,FAB-18652,https://immediateco.atlassian.net/browse/FAB-18652,Story,Ads : Enable index exchange support,Complete,Done,2019-02-04,2019-04-03,2019-04-04,2019-04-11,2019-04-12,2019-04-15
2019-10-02,119.0,0,FAB-18381,https://immediateco.atlassian.net/browse/FAB-18381,Story,3rd Party : Outbrain,Complete,Done,2019-06-05,2019-06-05,2019-06-05,2019-09-23,2019-10-02,2019-10-02
2019-07-22,21.0,0,FAB-18370,https://immediateco.atlassian.net/browse/FAB-18370,Story,Editorial : Populate with API data,Complete,Done,2019-01-23,2019-07-01,2019-07-01,2019-07-02,2019-07-08,2019-07-22
2019-12-03,14.0,0,FAB-17767,https://immediateco.atlassian.net/browse/FAB-17767,Story,Routing : Headless application routing,Ready For Release,Done,2018-12-20,2019-11-19,2019-11-19,2019-11-20,2019-11-25,2019-12-03
2019-05-30,42.0,0,FAB-17699,https://immediateco.atlassian.net/browse/FAB-17699,Story,Components : Images,Complete,Done,2018-12-21,2019-04-18,2019-04-18,2019-04-29,2019-05-29,2019-05-30
2019-01-04,24.0,0,FAB-17557,https://immediateco.atlassian.net/browse/FAB-17557,UX Story,Initial wireframes for member recipe creation,Closed,Done,2018-12-11,2018-12-11,2018-12-11,2018-12-11,,2019-01-04
2018-12-17,11.0,0,FAB-17455,https://immediateco.atlassian.net/browse/FAB-17455,UX Story,Usability testing in-house of member recipe creation,Complete,Done,2018-12-06,2018-12-06,2018-12-06,2018-12-06,2018-12-17,2018-12-17
2018-12-06,7.0,0,FAB-17261,https://immediateco.atlassian.net/browse/FAB-17261,UX Story,Design + UX audit of member recipe creation,Complete,Done,2018-11-29,2018-11-29,2018-11-29,2018-11-29,2018-12-06,2018-12-06
2019-09-13,43.0,0,FAB-17251,https://immediateco.atlassian.net/browse/FAB-17251,Epic,Headless Footer,Complete,Done,2018-11-29,2019-08-01,2019-08-08,2019-08-28,,2019-09-13
2018-12-11,14.0,0,FAB-17181,https://immediateco.atlassian.net/browse/FAB-17181,Spike,Recipe Admin : Investigate moderation of user-generated content,Complete,Done,2018-11-27,2018-11-27,2018-11-27,2018-11-29,2018-12-04,2018-12-11
2019-10-31,80.0,0,FAB-17017,https://immediateco.atlassian.net/browse/FAB-17017,Epic,Headless Header,Complete,Done,2019-01-17,2019-08-12,2019-08-19,2019-09-13,,2019-10-31
